0.000,0.000,0.001,0.002,0.004,0.006,0.009,0.013,0.016,0.021,0.026,0.031,0.037,0.043,0.050,0.058,0.066,0.074,0.083,0.092,0.102,0.113,0.124,0.135,0.147,0.160,0.173,0.187,0.201,0.215,0.230,0.246,0.262,0.279,0.296,0.314,0.332,0.350,0.370,0.389,0.410,0.430,0.452,0.473,0.496,0.518,0.542,0.566,0.590,0.615,0.640,0.666,0.692,0.719,0.746,0.774,0.803,0.832,0.861,0.891,0.922,0.953,0.984,1.016,1.049,1.082,1.115,1.149,1.184,1.219,1.254,1.290,1.327,1.364,1.402,1.440,1.479,1.518,1.558,1.598,1.638,1.680,1.721,1.764,1.806,1.850,1.893,1.938,1.982,2.028,2.074,2.120,2.167,2.214,2.262,2.310,2.359,2.409,2.459,2.509,2.560,2.611,2.663,2.716,2.769,2.822,2.876,2.931,2.986,3.042,3.098,3.154,3.211,3.269,3.327,3.386,3.445,3.504,3.565,3.625,3.686,3.748,3.810,3.873,3.936,
0.032,0.032,0.031,0.032,0.032,0.033,0.035,0.037,0.039,0.042,0.046,0.050,0.054,0.059,0.065,0.071,0.078,0.085,0.093,0.101,0.110,0.119,0.129,0.139,0.150,0.162,0.173,0.186,0.199,0.213,0.227,0.241,0.256,0.272,0.288,0.305,0.322,0.340,0.358,0.376,0.396,0.415,0.436,0.456,0.477,0.499,0.521,0.544,0.567,0.591,0.615,0.640,0.665,0.691,0.717,0.743,0.771,0.798,0.826,0.855,0.884,0.914,0.944,0.974,1.005,1.037,1.069,1.102,1.135,1.168,1.202,1.237,1.272,1.307,1.343,1.380,1.417,1.454,1.493,1.531,1.570,1.610,1.650,1.690,1.731,1.773,1.815,1.858,1.901,1.945,1.989,2.034,2.080,2.126,2.173,2.220,2.268,2.316,2.365,2.415,2.465,2.516,2.568,2.620,2.673,2.727,2.781,2.836,2.892,2.949,3.006,3.065,3.124,3.184,3.245,3.308,3.371,3.436,3.502,3.570,3.641,3.714,3.793,3.882,3.995,
0.064,0.063,0.061,0.061,0.060,0.060,0.060,0.061,0.062,0.063,0.066,0.068,0.071,0.075,0.079,0.084,0.090,0.095,0.102,0.109,0.116,0.125,0.133,0.142,0.152,0.163,0.173,0.185,0.197,0.209,0.222,0.236,0.250,0.265,0.280,0.295,0.312,0.328,0.345,0.363,0.381,0.400,0.419,0.439,0.459,0.480,0.501,0.522,0.544,0.567,0.590,0.613,0.637,0.662,0.687,0.712,0.738,0.764,0.791,0.819,0.846,0.875,0.903,0.932,0.962,0.992,1.023,1.054,1.085,1.117,1.150,1.183,1.216,1.250,1.285,1.320,1.355,1.391,1.427,1.464,1.502,1.539,1.578,1.617,1.656,1.696,1.737,1.778,1.820,1.862,1.905,1.949,1.993,2.037,2.083,2.129,2.176,2.223,2.271,2.320,2.370,2.420,2.471,2.523,2.576,2.630,2.685,2.741,2.798,2.855,2.914,2.975,3.036,3.099,3.163,3.229,3.297,3.366,3.438,3.514,3.592,3.676,3.766,3.866,3.980,
0.096,0.094,0.091,0.089,0.087,0.086,0.085,0.084,0.084,0.084,0.085,0.086,0.088,0.090,0.093,0.097,0.101,0.106,0.111,0.116,0.123,0.130,0.137,0.145,0.154,0.163,0.173,0.183,0.194,0.206,0.218,0.230,0.243,0.257,0.271,0.286,0.301,0.317,0.333,0.349,0.367,0.384,0.402,0.421,0.440,0.460,0.480,0.500,0.521,0.543,0.564,0.587,0.610,0.633,0.657,0.681,0.705,0.730,0.756,0.782,0.808,0.835,0.862,0.890,0.918,0.947,0.976,1.006,1.036,1.066,1.097,1.129,1.161,1.193,1.226,1.259,1.293,1.327,1.362,1.397,1.433,1.469,1.506,1.543,1.581,1.620,1.659,1.698,1.738,1.779,1.821,1.863,1.905,1.949,1.993,2.038,2.084,2.130,2.177,2.225,2.274,2.324,2.375,2.427,2.480,2.534,2.589,2.645,2.703,2.762,2.822,2.884,2.947,3.012,3.079,3.149,3.220,3.295,3.372,3.453,3.539,3.630,3.729,3.836,3.955,
0.128,0.124,0.121,0.117,0.114,0.112,0.109,0.107,0.106,0.105,0.104,0.104,0.104,0.105,0.107,0.109,0.112,0.115,0.119,0.124,0.129,0.135,0.141,0.148,0.155,0.164,0.172,0.181,0.191,0.202,0.213,0.224,0.236,0.249,0.262,0.276,0.290,0.305,0.320,0.335,0.352,0.368,0.385,0.403,0.421,0.439,0.458,0.478,0.498,0.518,0.539,0.560,0.582,0.604,0.626,0.649,0.672,0.696,0.720,0.745,0.770,0.796,0.822,0.848,0.875,0.902,0.930,0.958,0.986,1.015,1.045,1.075,1.105,1.136,1.167,1.199,1.231,1.264,1.297,1.330,1.365,1.399,1.434,1.470,1.506,1.543,1.581,1.619,1.657,1.697,1.737,1.777,1.819,1.861,1.904,1.947,1.992,2.037,2.084,2.131,2.179,2.228,2.279,2.330,2.383,2.437,2.492,2.549,2.607,2.667,2.729,2.792,2.857,2.925,2.994,3.067,3.142,3.220,3.302,3.389,3.480,3.578,3.683,3.796,3.919,
0.160,0.155,0.150,0.146,0.141,0.137,0.133,0.130,0.127,0.125,0.123,0.121,0.120,0.120,0.120,0.121,0.123,0.125,0.127,0.131,0.135,0.139,0.144,0.150,0.157,0.164,0.171,0.179,0.188,0.198,0.208,0.218,0.229,0.241,0.253,0.266,0.279,0.292,0.307,0.321,0.336,0.352,0.368,0.385,0.402,0.419,0.437,0.455,0.474,0.493,0.513,0.533,0.554,0.575,0.596,0.618,0.640,0.662,0.685,0.709,0.732,0.756,0.781,0.806,0.832,0.857,0.884,0.910,0.937,0.965,0.993,1.021,1.050,1.079,1.109,1.139,1.170,1.201,1.232,1.264,1.297,1.330,1.363,1.397,1.432,1.467,1.503,1.540,1.577,1.615,1.653,1.692,1.732,1.773,1.815,1.857,1.901,1.945,1.990,2.037,2.084,2.133,2.183,2.234,2.287,2.340,2.396,2.453,2.512,2.572,2.635,2.700,2.766,2.836,2.908,2.983,3.061,3.143,3.229,3.320,3.416,3.519,3.629,3.747,3.874,
0.192,0.186,0.180,0.174,0.168,0.162,0.157,0.153,0.148,0.144,0.141,0.138,0.136,0.134,0.133,0.133,0.133,0.134,0.135,0.137,0.140,0.143,0.147,0.152,0.157,0.163,0.170,0.177,0.185,0.193,0.202,0.212,0.222,0.232,0.244,0.255,0.267,0.280,0.293,0.307,0.321,0.336,0.351,0.367,0.383,0.399,0.416,0.433,0.451,0.469,0.487,0.506,0.526,0.545,0.566,0.586,0.607,0.628,0.650,0.672,0.695,0.718,0.741,0.764,0.788,0.813,0.838,0.863,0.889,0.915,0.941,0.968,0.995,1.023,1.051,1.080,1.109,1.138,1.168,1.199,1.229,1.261,1.293,1.325,1.358,1.392,1.426,1.461,1.497,1.533,1.570,1.608,1.647,1.686,1.726,1.768,1.810,1.853,1.898,1.943,1.990,2.038,2.087,2.138,2.190,2.244,2.299,2.357,2.416,2.477,2.540,2.606,2.674,2.745,2.819,2.896,2.977,3.062,3.151,3.246,3.346,3.452,3.566,3.688,3.819,
0.224,0.216,0.209,0.202,0.194,0.188,0.181,0.175,0.169,0.164,0.159,0.155,0.151,0.148,0.146,0.144,0.143,0.143,0.143,0.144,0.145,0.147,0.150,0.154,0.158,0.163,0.168,0.175,0.181,0.189,0.197,0.205,0.214,0.224,0.234,0.245,0.256,0.268,0.280,0.293,0.306,0.320,0.334,0.348,0.363,0.379,0.395,0.411,0.428,0.445,0.462,0.480,0.498,0.517,0.536,0.555,0.575,0.595,0.615,0.636,0.657,0.679,0.701,0.723,0.746,0.769,0.792,0.816,0.840,0.865,0.890,0.915,0.941,0.967,0.994,1.021,1.049,1.077,1.105,1.134,1.163,1.193,1.223,1.254,1.286,1.318,1.351,1.384,1.418,1.453,1.489,1.525,1.562,1.600,1.639,1.679,1.720,1.763,1.806,1.850,1.896,1.944,1.992,2.042,2.094,2.148,2.203,2.260,2.320,2.381,2.445,2.512,2.581,2.653,2.729,2.808,2.890,2.977,3.069,3.167,3.270,3.379,3.496,3.621,3.755,
0.256,0.247,0.238,0.229,0.221,0.212,0.205,0.197,0.190,0.183,0.177,0.171,0.167,0.162,0.158,0.155,0.153,0.151,0.150,0.150,0.150,0.151,0.153,0.155,0.159,0.162,0.167,0.172,0.178,0.184,0.191,0.199,0.207,0.215,0.225,0.235,0.245,0.256,0.267,0.279,0.291,0.304,0.317,0.330,0.344,0.359,0.374,0.389,0.405,0.421,0.437,0.454,0.471,0.488,0.506,0.524,0.543,0.562,0.581,0.601,0.621,0.641,0.662,0.683,0.704,0.726,0.748,0.770,0.793,0.816,0.840,0.864,0.888,0.913,0.938,0.964,0.990,1.016,1.043,1.070,1.098,1.126,1.155,1.184,1.214,1.245,1.276,1.308,1.341,1.374,1.408,1.443,1.479,1.516,1.553,1.592,1.632,1.673,1.715,1.759,1.804,1.850,1.898,1.947,1.999,2.052,2.107,2.164,2.223,2.285,2.349,2.416,2.486,2.559,2.636,2.716,2.801,2.889,2.983,3.082,3.188,3.299,3.418,3.545,3.681,
0.288,0.278,0.267,0.257,0.247,0.237,0.228,0.219,0.210,0.202,0.195,0.188,0.182,0.176,0.171,0.166,0.163,0.160,0.157,0.156,0.155,0.155,0.156,0.157,0.159,0.162,0.165,0.169,0.174,0.179,0.185,0.192,0.199,0.207,0.215,0.224,0.234,0.244,0.254,0.265,0.276,0.288,0.300,0.313,0.326,0.339,0.353,0.367,0.382,0.397,0.412,0.428,0.444,0.460,0.477,0.494,0.512,0.529,0.547,0.566,0.585,0.604,0.623,0.643,0.663,0.683,0.704,0.725,0.747,0.769,0.791,0.813,0.836,0.859,0.883,0.907,0.932,0.957,0.982,1.008,1.034,1.061,1.088,1.116,1.144,1.173,1.203,1.234,1.265,1.296,1.329,1.363,1.397,1.432,1.469,1.506,1.545,1.585,1.626,1.668,1.712,1.757,1.805,1.853,1.904,1.956,2.011,2.068,2.127,2.189,2.253,2.320,2.391,2.464,2.541,2.622,2.708,2.798,2.893,2.993,3.100,3.213,3.333,3.461,3.598,
0.320,0.308,0.296,0.285,0.273,0.262,0.251,0.241,0.231,0.221,0.212,0.204,0.196,0.189,0.183,0.177,0.172,0.168,0.165,0.162,0.160,0.159,0.158,0.158,0.159,0.161,0.163,0.167,0.170,0.175,0.180,0.185,0.192,0.199,0.206,0.214,0.223,0.232,0.241,0.251,0.261,0.272,0.284,0.295,0.307,0.320,0.333,0.346,0.360,0.374,0.388,0.403,0.418,0.433,0.449,0.465,0.481,0.498,0.514,0.532,0.549,0.567,0.585,0.604,0.623,0.642,0.661,0.681,0.701,0.722,0.743,0.764,0.785,0.807,0.829,0.852,0.875,0.899,0.922,0.947,0.972,0.997,1.023,1.049,1.076,1.104,1.132,1.161,1.190,1.221,1.252,1.284,1.317,1.351,1.386,1.422,1.459,1.498,1.538,1.579,1.622,1.666,1.712,1.760,1.810,1.862,1.916,1.972,2.031,2.092,2.156,2.223,2.293,2.367,2.445,2.526,2.612,2.702,2.798,2.899,3.006,3.120,3.240,3.369,3.505,
0.352,0.339,0.325,0.312,0.299,0.287,0.274,0.263,0.251,0.240,0.230,0.220,0.211,0.203,0.195,0.188,0.182,0.176,0.172,0.168,0.165,0.162,0.161,0.160,0.160,0.160,0.162,0.164,0.167,0.170,0.174,0.179,0.184,0.190,0.197,0.204,0.212,0.220,0.228,0.237,0.247,0.257,0.267,0.278,0.289,0.301,0.313,0.325,0.338,0.351,0.364,0.378,0.392,0.406,0.421,0.436,0.451,0.467,0.482,0.498,0.515,0.532,0.549,0.566,0.584,0.602,0.620,0.638,0.657,0.676,0.696,0.716,0.736,0.756,0.777,0.798,0.820,0.842,0.865,0.887,0.911,0.935,0.959,0.984,1.009,1.035,1.062,1.089,1.118,1.146,1.176,1.207,1.238,1.271,1.305,1.339,1.375,1.412,1.451,1.491,1.533,1.576,1.621,1.668,1.717,1.768,1.821,1.876,1.934,1.995,2.059,2.125,2.195,2.269,2.346,2.427,2.513,2.603,2.699,2.800,2.907,3.020,3.140,3.268,3.404,
0.384,0.369,0.354,0.340,0.325,0.311,0.298,0.284,0.271,0.259,0.247,0.236,0.226,0.216,0.207,0.199,0.191,0.184,0.179,0.173,0.169,0.166,0.163,0.161,0.160,0.160,0.160,0.161,0.163,0.166,0.169,0.173,0.177,0.182,0.188,0.194,0.201,0.208,0.216,0.224,0.233,0.242,0.252,0.261,0.272,0.282,0.294,0.305,0.317,0.329,0.341,0.354,0.367,0.380,0.394,0.408,0.422,0.436,0.451,0.466,0.481,0.497,0.513,0.529,0.546,0.562,0.579,0.597,0.614,0.632,0.650,0.669,0.688,0.707,0.726,0.746,0.767,0.787,0.808,0.830,0.852,0.874,0.897,0.921,0.945,0.969,0.994,1.020,1.047,1.074,1.103,1.132,1.162,1.193,1.225,1.259,1.293,1.329,1.366,1.405,1.445,1.487,1.531,1.577,1.625,1.674,1.727,1.781,1.838,1.898,1.961,2.027,2.096,2.169,2.245,2.326,2.411,2.500,2.595,2.695,2.802,2.914,3.033,3.160,3.294,
0.416,0.400,0.383,0.367,0.351,0.336,0.321,0.306,0.291,0.278,0.265,0.252,0.240,0.229,0.219,0.209,0.201,0.193,0.186,0.179,0.174,0.169,0.166,0.163,0.160,0.159,0.159,0.159,0.160,0.161,0.164,0.167,0.170,0.174,0.179,0.185,0.191,0.197,0.204,0.211,0.219,0.227,0.236,0.245,0.255,0.265,0.275,0.285,0.296,0.307,0.319,0.331,0.343,0.355,0.368,0.381,0.394,0.407,0.421,0.435,0.449,0.464,0.478,0.494,0.509,0.524,0.540,0.556,0.573,0.589,0.606,0.624,0.641,0.659,0.677,0.696,0.715,0.734,0.754,0.774,0.795,0.816,0.837,0.859,0.882,0.905,0.929,0.953,0.978,1.004,1.031,1.059,1.088,1.117,1.148,1.180,1.213,1.248,1.283,1.321,1.360,1.400,1.443,1.487,1.534,1.582,1.633,1.686,1.742,1.801,1.863,1.927,1.995,2.067,2.142,2.222,2.306,2.394,2.488,2.587,2.691,2.802,2.920,3.044,3.176,
0.448,0.430,0.412,0.395,0.377,0.360,0.344,0.327,0.312,0.296,0.282,0.268,0.255,0.242,0.231,0.220,0.210,0.201,0.193,0.185,0.179,0.173,0.168,0.164,0.161,0.159,0.157,0.156,0.156,0.157,0.159,0.161,0.163,0.167,0.171,0.175,0.181,0.186,0.192,0.199,0.206,0.213,0.221,0.230,0.238,0.247,0.257,0.266,0.276,0.287,0.297,0.308,0.319,0.331,0.342,0.354,0.367,0.379,0.392,0.405,0.418,0.431,0.445,0.459,0.473,0.488,0.503,0.518,0.533,0.548,0.564,0.580,0.597,0.613,0.630,0.648,0.665,0.683,0.702,0.720,0.740,0.759,0.779,0.800,0.821,0.843,0.865,0.888,0.912,0.937,0.962,0.988,1.016,1.044,1.073,1.104,1.135,1.168,1.203,1.238,1.276,1.315,1.356,1.399,1.444,1.491,1.540,1.592,1.647,1.704,1.764,1.827,1.894,1.964,2.038,2.116,2.198,2.285,2.376,2.473,2.576,2.684,2.799,2.921,3.050,
0.480,0.461,0.441,0.422,0.403,0.385,0.367,0.349,0.332,0.315,0.299,0.284,0.269,0.256,0.243,0.231,0.219,0.209,0.199,0.191,0.183,0.177,0.171,0.166,0.162,0.158,0.156,0.154,0.153,0.153,0.154,0.155,0.157,0.160,0.163,0.167,0.171,0.176,0.181,0.187,0.193,0.200,0.207,0.214,0.222,0.230,0.239,0.248,0.257,0.267,0.276,0.286,0.297,0.307,0.318,0.329,0.340,0.352,0.364,0.376,0.388,0.400,0.413,0.426,0.439,0.453,0.466,0.480,0.494,0.509,0.523,0.538,0.554,0.569,0.585,0.601,0.617,0.634,0.651,0.669,0.687,0.705,0.724,0.743,0.763,0.783,0.804,0.826,0.848,0.871,0.895,0.920,0.946,0.973,1.000,1.029,1.059,1.091,1.124,1.158,1.194,1.232,1.271,1.312,1.356,1.401,1.449,1.499,1.552,1.607,1.665,1.727,1.792,1.860,1.932,2.007,2.087,2.172,2.261,2.356,2.455,2.561,2.673,2.791,2.916,
0.512,0.491,0.470,0.450,0.429,0.409,0.390,0.370,0.352,0.334,0.316,0.300,0.284,0.269,0.254,0.241,0.229,0.217,0.207,0.197,0.188,0.180,0.173,0.167,0.162,0.158,0.155,0.152,0.150,0.149,0.149,0.150,0.151,0.153,0.155,0.158,0.162,0.166,0.170,0.175,0.181,0.187,0.193,0.200,0.207,0.214,0.222,0.230,0.239,0.247,0.256,0.266,0.275,0.285,0.295,0.305,0.315,0.326,0.337,0.348,0.359,0.371,0.382,0.394,0.407,0.419,0.432,0.444,0.458,0.471,0.484,0.498,0.512,0.527,0.541,0.556,0.571,0.587,0.603,0.619,0.636,0.653,0.670,0.688,0.707,0.726,0.746,0.766,0.787,0.809,0.831,0.854,0.879,0.904,0.930,0.957,0.986,1.016,1.047,1.080,1.114,1.150,1.187,1.227,1.269,1.312,1.358,1.406,1.457,1.510,1.567,1.626,1.688,1.754,1.824,1.897,1.975,2.056,2.143,2.234,2.330,2.432,2.540,2.654,2.775,
0.544,0.522,0.499,0.477,0.455,0.434,0.412,0.392,0.372,0.352,0.333,0.315,0.298,0.282,0.266,0.252,0.238,0.225,0.214,0.203,0.193,0.184,0.176,0.169,0.163,0.158,0.154,0.150,0.148,0.146,0.145,0.145,0.145,0.146,0.148,0.150,0.153,0.156,0.160,0.164,0.169,0.174,0.180,0.186,0.192,0.199,0.206,0.213,0.221,0.229,0.237,0.246,0.254,0.263,0.272,0.282,0.291,0.301,0.311,0.321,0.332,0.342,0.353,0.364,0.375,0.387,0.399,0.410,0.422,0.435,0.447,0.460,0.473,0.486,0.500,0.514,0.528,0.542,0.557,0.572,0.587,0.603,0.619,0.636,0.653,0.671,0.689,0.708,0.728,0.748,0.769,0.791,0.814,0.837,0.862,0.888,0.915,0.943,0.973,1.004,1.036,1.070,1.106,1.143,1.183,1.225,1.268,1.314,1.363,1.414,1.468,1.525,1.585,1.648,1.715,1.785,1.859,1.938,2.020,2.108,2.200,2.298,2.402,2.511,2.626,
0.576,0.552,0.528,0.504,0.481,0.458,0.435,0.413,0.392,0.371,0.351,0.331,0.313,0.295,0.278,0.262,0.248,0.234,0.221,0.209,0.198,0.188,0.179,0.171,0.164,0.158,0.153,0.149,0.145,0.143,0.141,0.140,0.139,0.140,0.141,0.142,0.144,0.147,0.150,0.154,0.158,0.163,0.167,0.173,0.178,0.185,0.191,0.197,0.204,0.212,0.219,0.227,0.235,0.243,0.251,0.260,0.269,0.277,0.287,0.296,0.306,0.315,0.325,0.335,0.346,0.356,0.367,0.378,0.389,0.400,0.412,0.424,0.436,0.448,0.460,0.473,0.486,0.499,0.513,0.527,0.541,0.556,0.571,0.586,0.602,0.619,0.636,0.653,0.671,0.690,0.710,0.730,0.752,0.774,0.797,0.821,0.846,0.873,0.900,0.930,0.960,0.992,1.026,1.062,1.099,1.138,1.180,1.224,1.270,1.318,1.369,1.423,1.480,1.541,1.604,1.671,1.742,1.816,1.895,1.979,2.067,2.160,2.258,2.362,2.471,
0.608,0.583,0.557,0.532,0.507,0.482,0.458,0.435,0.412,0.389,0.368,0.347,0.327,0.308,0.290,0.273,0.257,0.242,0.228,0.215,0.203,0.192,0.182,0.173,0.165,0.159,0.153,0.147,0.143,0.140,0.137,0.135,0.134,0.134,0.134,0.135,0.136,0.138,0.141,0.144,0.147,0.151,0.156,0.160,0.165,0.171,0.176,0.182,0.188,0.195,0.202,0.209,0.216,0.223,0.231,0.239,0.247,0.255,0.263,0.272,0.281,0.290,0.299,0.308,0.318,0.327,0.337,0.347,0.357,0.368,0.378,0.389,0.400,0.411,0.423,0.434,0.446,0.459,0.471,0.484,0.497,0.511,0.524,0.539,0.553,0.569,0.584,0.601,0.617,0.635,0.653,0.672,0.692,0.712,0.734,0.756,0.780,0.805,0.831,0.858,0.886,0.917,0.948,0.982,1.017,1.054,1.093,1.134,1.177,1.223,1.271,1.322,1.376,1.432,1.492,1.555,1.622,1.693,1.767,1.846,1.929,2.016,2.109,2.207,2.310,
0.640,0.613,0.586,0.559,0.533,0.507,0.481,0.456,0.432,0.408,0.385,0.363,0.342,0.322,0.302,0.284,0.267,0.251,0.235,0.221,0.208,0.196,0.186,0.176,0.167,0.159,0.152,0.146,0.141,0.137,0.134,0.131,0.129,0.128,0.128,0.128,0.129,0.130,0.132,0.135,0.137,0.141,0.144,0.148,0.153,0.158,0.163,0.168,0.173,0.179,0.185,0.192,0.198,0.205,0.212,0.219,0.226,0.234,0.242,0.249,0.257,0.266,0.274,0.282,0.291,0.300,0.309,0.318,0.327,0.337,0.347,0.356,0.366,0.377,0.387,0.398,0.409,0.420,0.432,0.443,0.455,0.468,0.481,0.494,0.507,0.521,0.536,0.551,0.566,0.582,0.599,0.616,0.635,0.654,0.674,0.694,0.716,0.739,0.763,0.788,0.815,0.843,0.872,0.903,0.936,0.970,1.007,1.045,1.085,1.128,1.173,1.221,1.271,1.324,1.380,1.439,1.501,1.567,1.636,1.710,1.787,1.869,1.955,2.047,2.143,
0.672,0.643,0.615,0.587,0.559,0.531,0.504,0.478,0.452,0.427,0.403,0.379,0.357,0.335,0.314,0.295,0.276,0.259,0.243,0.228,0.214,0.201,0.189,0.178,0.169,0.160,0.152,0.145,0.140,0.135,0.131,0.127,0.125,0.123,0.122,0.122,0.122,0.123,0.124,0.126,0.128,0.131,0.134,0.137,0.141,0.145,0.150,0.154,0.159,0.165,0.170,0.176,0.182,0.188,0.194,0.200,0.207,0.214,0.221,0.228,0.235,0.243,0.250,0.258,0.266,0.274,0.282,0.291,0.299,0.308,0.317,0.326,0.335,0.344,0.354,0.364,0.374,0.384,0.394,0.405,0.416,0.427,0.439,0.451,0.463,0.476,0.489,0.503,0.517,0.532,0.547,0.563,0.580,0.598,0.616,0.635,0.655,0.676,0.698,0.721,0.746,0.771,0.798,0.827,0.857,0.889,0.922,0.957,0.995,1.034,1.075,1.119,1.165,1.214,1.266,1.320,1.378,1.439,1.503,1.571,1.642,1.718,1.798,1.882,1.971,
0.704,0.674,0.644,0.614,0.585,0.556,0.527,0.499,0.472,0.446,0.420,0.395,0.371,0.348,0.327,0.306,0.286,0.268,0.251,0.234,0.219,0.205,0.193,0.181,0.170,0.161,0.152,0.145,0.138,0.133,0.128,0.124,0.121,0.119,0.117,0.116,0.115,0.116,0.116,0.117,0.119,0.121,0.124,0.127,0.130,0.134,0.137,0.142,0.146,0.151,0.156,0.161,0.166,0.171,0.177,0.183,0.189,0.195,0.201,0.208,0.215,0.221,0.228,0.235,0.242,0.250,0.257,0.265,0.273,0.280,0.289,0.297,0.305,0.314,0.322,0.331,0.340,0.350,0.359,0.369,0.379,0.389,0.400,0.411,0.422,0.434,0.446,0.458,0.471,0.484,0.498,0.513,0.528,0.544,0.560,0.578,0.596,0.615,0.635,0.656,0.678,0.702,0.726,0.752,0.780,0.808,0.839,0.871,0.905,0.940,0.978,1.018,1.060,1.105,1.152,1.201,1.254,1.309,1.367,1.429,1.494,1.563,1.636,1.712,1.794,
0.736,0.704,0.673,0.642,0.611,0.580,0.550,0.521,0.492,0.464,0.437,0.411,0.386,0.362,0.339,0.317,0.296,0.277,0.258,0.241,0.225,0.210,0.196,0.184,0.173,0.162,0.153,0.145,0.137,0.131,0.126,0.121,0.117,0.114,0.112,0.110,0.109,0.109,0.109,0.110,0.111,0.113,0.115,0.117,0.120,0.123,0.126,0.130,0.134,0.138,0.142,0.147,0.151,0.156,0.161,0.167,0.172,0.178,0.183,0.189,0.195,0.201,0.208,0.214,0.220,0.227,0.234,0.241,0.248,0.255,0.262,0.270,0.277,0.285,0.293,0.301,0.309,0.318,0.326,0.335,0.344,0.353,0.363,0.373,0.383,0.394,0.404,0.416,0.427,0.439,0.452,0.465,0.479,0.493,0.508,0.523,0.540,0.557,0.575,0.594,0.613,0.634,0.656,0.680,0.704,0.730,0.757,0.786,0.816,0.848,0.882,0.917,0.955,0.995,1.037,1.081,1.128,1.178,1.230,1.285,1.343,1.405,1.470,1.539,1.612,
0.768,0.735,0.702,0.669,0.637,0.605,0.573,0.542,0.512,0.483,0.455,0.427,0.401,0.375,0.351,0.328,0.306,0.286,0.266,0.248,0.231,0.215,0.200,0.187,0.175,0.164,0.154,0.145,0.137,0.130,0.124,0.118,0.114,0.110,0.108,0.105,0.104,0.103,0.103,0.103,0.103,0.104,0.106,0.108,0.110,0.113,0.115,0.119,0.122,0.126,0.129,0.133,0.138,0.142,0.147,0.151,0.156,0.161,0.166,0.172,0.177,0.183,0.188,0.194,0.200,0.206,0.212,0.218,0.225,0.231,0.238,0.244,0.251,0.258,0.265,0.273,0.280,0.288,0.295,0.303,0.311,0.320,0.328,0.337,0.346,0.356,0.365,0.376,0.386,0.397,0.408,0.419,0.432,0.444,0.457,0.471,0.486,0.501,0.517,0.533,0.551,0.569,0.588,0.609,0.630,0.653,0.677,0.702,0.728,0.756,0.786,0.817,0.850,0.885,0.922,0.960,1.001,1.045,1.091,1.139,1.190,1.244,1.301,1.362,1.426,
0.800,0.765,0.731,0.697,0.663,0.629,0.596,0.564,0.533,0.502,0.472,0.443,0.416,0.389,0.364,0.339,0.316,0.295,0.274,0.255,0.237,0.220,0.205,0.190,0.177,0.165,0.155,0.145,0.136,0.129,0.122,0.116,0.111,0.107,0.103,0.101,0.099,0.097,0.096,0.096,0.096,0.097,0.098,0.099,0.101,0.103,0.106,0.108,0.111,0.114,0.118,0.121,0.125,0.129,0.133,0.137,0.141,0.146,0.151,0.155,0.160,0.165,0.170,0.175,0.181,0.186,0.192,0.197,0.203,0.209,0.215,0.221,0.227,0.233,0.240,0.246,0.253,0.260,0.267,0.274,0.281,0.288,0.296,0.304,0.312,0.320,0.329,0.338,0.347,0.356,0.366,0.376,0.387,0.398,0.409,0.421,0.434,0.447,0.461,0.475,0.490,0.506,0.522,0.540,0.558,0.577,0.598,0.619,0.642,0.665,0.691,0.717,0.745,0.775,0.806,0.839,0.874,0.911,0.950,0.991,1.035,1.081,1.130,1.182,1.236,
0.832,0.796,0.760,0.724,0.689,0.654,0.619,0.586,0.553,0.521,0.490,0.460,0.431,0.403,0.376,0.351,0.327,0.304,0.282,0.262,0.243,0.225,0.209,0.194,0.180,0.167,0.156,0.145,0.136,0.128,0.120,0.114,0.109,0.104,0.100,0.097,0.094,0.092,0.091,0.090,0.090,0.090,0.090,0.091,0.093,0.094,0.096,0.099,0.101,0.104,0.107,0.110,0.113,0.117,0.120,0.124,0.128,0.132,0.136,0.140,0.145,0.149,0.154,0.158,0.163,0.168,0.173,0.178,0.183,0.188,0.193,0.199,0.204,0.210,0.216,0.222,0.228,0.234,0.240,0.246,0.253,0.259,0.266,0.273,0.280,0.287,0.295,0.302,0.310,0.319,0.327,0.336,0.345,0.354,0.364,0.374,0.385,0.395,0.407,0.419,0.431,0.444,0.458,0.473,0.488,0.504,0.520,0.538,0.556,0.576,0.596,0.618,0.641,0.665,0.691,0.718,0.746,0.776,0.808,0.842,0.878,0.916,0.956,0.998,1.043,
0.864,0.826,0.789,0.752,0.715,0.678,0.643,0.608,0.573,0.540,0.507,0.476,0.446,0.417,0.389,0.362,0.337,0.313,0.290,0.269,0.249,0.231,0.214,0.198,0.183,0.170,0.157,0.146,0.136,0.127,0.119,0.112,0.106,0.101,0.097,0.093,0.090,0.088,0.086,0.084,0.084,0.084,0.084,0.084,0.085,0.086,0.088,0.090,0.092,0.094,0.097,0.099,0.102,0.105,0.108,0.112,0.115,0.119,0.122,0.126,0.130,0.134,0.138,0.142,0.147,0.151,0.155,0.160,0.164,0.169,0.174,0.179,0.184,0.189,0.194,0.199,0.204,0.209,0.215,0.220,0.226,0.232,0.238,0.244,0.250,0.256,0.263,0.269,0.276,0.283,0.290,0.297,0.305,0.313,0.321,0.329,0.337,0.346,0.355,0.365,0.375,0.385,0.396,0.407,0.419,0.431,0.444,0.458,0.472,0.487,0.503,0.520,0.537,0.556,0.575,0.596,0.618,0.641,0.666,0.692,0.720,0.749,0.780,0.813,0.848,
0.896,0.857,0.818,0.779,0.741,0.703,0.666,0.629,0.594,0.559,0.525,0.492,0.461,0.431,0.402,0.374,0.347,0.322,0.299,0.277,0.256,0.236,0.218,0.202,0.186,0.172,0.159,0.147,0.137,0.127,0.119,0.111,0.104,0.099,0.094,0.090,0.086,0.083,0.081,0.079,0.078,0.078,0.077,0.078,0.078,0.079,0.080,0.082,0.083,0.085,0.087,0.090,0.092,0.095,0.098,0.100,0.104,0.107,0.110,0.113,0.117,0.120,0.124,0.128,0.131,0.135,0.139,0.143,0.147,0.151,0.156,0.160,0.164,0.169,0.173,0.178,0.182,0.187,0.192,0.197,0.202,0.207,0.212,0.217,0.222,0.227,0.233,0.238,0.244,0.249,0.255,0.261,0.267,0.273,0.279,0.286,0.292,0.299,0.306,0.313,0.320,0.328,0.336,0.344,0.352,0.361,0.370,0.380,0.389,0.400,0.411,0.422,0.434,0.447,0.460,0.475,0.490,0.506,0.523,0.541,0.560,0.581,0.602,0.626,0.651,
0.928,0.887,0.847,0.807,0.767,0.728,0.689,0.651,0.614,0.578,0.543,0.509,0.476,0.445,0.414,0.385,0.358,0.332,0.307,0.284,0.262,0.242,0.223,0.206,0.190,0.175,0.161,0.149,0.137,0.127,0.118,0.110,0.103,0.097,0.091,0.087,0.083,0.080,0.077,0.075,0.073,0.072,0.072,0.072,0.072,0.072,0.073,0.074,0.076,0.077,0.079,0.081,0.083,0.085,0.088,0.090,0.093,0.096,0.099,0.101,0.105,0.108,0.111,0.114,0.118,0.121,0.124,0.128,0.132,0.135,0.139,0.143,0.147,0.151,0.154,0.158,0.162,0.167,0.171,0.175,0.179,0.183,0.187,0.192,0.196,0.200,0.205,0.209,0.214,0.218,0.222,0.227,0.231,0.236,0.240,0.245,0.250,0.254,0.259,0.263,0.268,0.273,0.277,0.282,0.287,0.292,0.297,0.303,0.308,0.314,0.319,0.326,0.332,0.339,0.346,0.353,0.362,0.370,0.379,0.389,0.400,0.411,0.424,0.437,0.451,
0.960,0.918,0.876,0.834,0.793,0.752,0.712,0.673,0.634,0.597,0.561,0.525,0.491,0.459,0.427,0.397,0.369,0.342,0.316,0.292,0.269,0.248,0.228,0.210,0.193,0.177,0.163,0.150,0.138,0.128,0.118,0.109,0.102,0.095,0.089,0.084,0.080,0.076,0.073,0.071,0.069,0.068,0.067,0.066,0.066,0.066,0.067,0.067,0.068,0.070,0.071,0.073,0.074,0.076,0.079,0.081,0.083,0.086,0.088,0.091,0.093,0.096,0.099,0.102,0.105,0.108,0.111,0.114,0.117,0.120,0.124,0.127,0.130,0.134,0.137,0.141,0.144,0.148,0.151,0.155,0.158,0.162,0.165,0.169,0.172,0.175,0.179,0.182,0.185,0.189,0.192,0.195,0.198,0.201,0.204,0.206,0.209,0.211,0.213,0.216,0.217,0.219,0.221,0.223,0.224,0.225,0.226,0.227,0.228,0.229,0.229,0.230,0.231,0.231,0.232,0.233,0.234,0.235,0.236,0.238,0.239,0.242,0.244,0.247,0.251,
0.992,0.948,0.905,0.862,0.819,0.777,0.735,0.695,0.655,0.616,0.578,0.542,0.507,0.473,0.440,0.409,0.379,0.351,0.325,0.300,0.276,0.254,0.234,0.215,0.197,0.181,0.166,0.152,0.139,0.128,0.118,0.109,0.101,0.094,0.087,0.082,0.077,0.073,0.070,0.067,0.065,0.063,0.062,0.061,0.061,0.061,0.061,0.061,0.062,0.063,0.064,0.065,0.067,0.068,0.070,0.072,0.074,0.076,0.078,0.081,0.083,0.086,0.088,0.091,0.093,0.096,0.099,0.101,0.104,0.107,0.110,0.113,0.116,0.118,0.121,0.124,0.127,0.130,0.133,0.136,0.139,0.142,0.144,0.147,0.150,0.152,0.155,0.157,0.159,0.161,0.163,0.165,0.166,0.168,0.169,0.169,0.170,0.170,0.170,0.170,0.169,0.168,0.166,0.164,0.162,0.160,0.157,0.153,0.150,0.145,0.141,0.136,0.131,0.125,0.119,0.113,0.106,0.100,0.093,0.086,0.079,0.072,0.064,0.057,0.050,
1.024,0.979,0.934,0.889,0.845,0.802,0.759,0.717,0.675,0.635,0.596,0.558,0.522,0.487,0.453,0.421,0.390,0.361,0.334,0.308,0.283,0.260,0.239,0.219,0.201,0.184,0.168,0.154,0.141,0.129,0.118,0.109,0.100,0.093,0.086,0.080,0.075,0.071,0.067,0.064,0.061,0.059,0.058,0.057,0.056,0.055,0.055,0.056,0.056,0.057,0.058,0.059,0.060,0.061,0.063,0.064,0.066,0.068,0.070,0.072,0.074,0.076,0.078,0.080,0.083,0.085,0.087,0.090,0.092,0.095,0.097,0.100,0.102,0.104,0.107,0.109,0.112,0.114,0.117,0.119,0.121,0.123,0.125,0.127,0.129,0.131,0.132,0.134,0.135,0.136,0.136,0.136,0.136,0.136,0.135,0.134,0.133,0.131,0.128,0.126,0.122,0.118,0.113,0.108,0.102,0.096,0.089,0.081,0.072,0.063,0.053,0.043,0.032,0.020,0.007,-0.006,-0.020,-0.034,-0.050,-0.065,-0.081,-0.098,-0.115,-0.133,-0.151,
1.056,1.009,0.963,0.917,0.871,0.826,0.782,0.739,0.696,0.655,0.614,0.575,0.537,0.501,0.466,0.433,0.401,0.371,0.343,0.316,0.290,0.267,0.245,0.224,0.205,0.187,0.171,0.156,0.142,0.130,0.119,0.109,0.100,0.092,0.085,0.079,0.073,0.068,0.064,0.061,0.058,0.056,0.054,0.053,0.052,0.051,0.051,0.051,0.051,0.051,0.052,0.053,0.054,0.055,0.056,0.057,0.059,0.060,0.062,0.064,0.065,0.067,0.069,0.071,0.073,0.075,0.077,0.079,0.081,0.083,0.085,0.088,0.090,0.092,0.094,0.096,0.098,0.100,0.102,0.103,0.105,0.106,0.108,0.109,0.110,0.111,0.111,0.112,0.112,0.112,0.111,0.110,0.108,0.107,0.104,0.101,0.098,0.094,0.089,0.083,0.077,0.070,0.062,0.054,0.044,0.034,0.023,0.010,-0.003,-0.017,-0.032,-0.049,-0.066,-0.084,-0.104,-0.124,-0.145,-0.168,-0.191,-0.215,-0.241,-0.267,-0.294,-0.322,-0.351,
1.088,1.040,0.992,0.945,0.898,0.851,0.805,0.761,0.717,0.674,0.632,0.592,0.553,0.515,0.480,0.445,0.412,0.381,0.352,0.324,0.298,0.273,0.250,0.229,0.209,0.191,0.174,0.158,0.144,0.131,0.120,0.109,0.100,0.091,0.084,0.077,0.072,0.067,0.062,0.059,0.055,0.053,0.051,0.049,0.048,0.047,0.046,0.046,0.046,0.046,0.047,0.047,0.048,0.049,0.050,0.051,0.052,0.053,0.055,0.056,0.058,0.059,0.061,0.063,0.064,0.066,0.068,0.070,0.071,0.073,0.075,0.077,0.078,0.080,0.082,0.083,0.085,0.086,0.088,0.089,0.090,0.091,0.092,0.092,0.093,0.093,0.092,0.092,0.091,0.089,0.087,0.085,0.082,0.079,0.075,0.070,0.064,0.058,0.051,0.043,0.034,0.024,0.013,0.001,-0.012,-0.026,-0.042,-0.059,-0.077,-0.096,-0.117,-0.139,-0.162,-0.187,-0.213,-0.240,-0.269,-0.300,-0.331,-0.365,-0.399,-0.435,-0.472,-0.511,-0.551,
1.120,1.071,1.021,0.972,0.924,0.876,0.829,0.782,0.737,0.693,0.650,0.609,0.569,0.530,0.493,0.457,0.424,0.391,0.361,0.332,0.305,0.280,0.256,0.234,0.213,0.195,0.177,0.161,0.146,0.133,0.121,0.110,0.100,0.091,0.083,0.076,0.070,0.065,0.060,0.056,0.053,0.050,0.048,0.046,0.044,0.043,0.042,0.042,0.042,0.042,0.042,0.042,0.043,0.043,0.044,0.045,0.046,0.047,0.048,0.050,0.051,0.052,0.054,0.055,0.057,0.058,0.060,0.061,0.063,0.064,0.066,0.067,0.068,0.070,0.071,0.072,0.073,0.074,0.075,0.076,0.077,0.077,0.077,0.077,0.076,0.076,0.074,0.073,0.071,0.068,0.065,0.062,0.057,0.052,0.047,0.040,0.032,0.024,0.015,0.004,-0.008,-0.021,-0.035,-0.050,-0.067,-0.085,-0.105,-0.126,-0.149,-0.173,-0.199,-0.227,-0.257,-0.288,-0.321,-0.355,-0.392,-0.430,-0.470,-0.512,-0.556,-0.602,-0.649,-0.698,-0.750,
1.152,1.101,1.050,1.000,0.950,0.901,0.852,0.805,0.758,0.712,0.668,0.625,0.584,0.544,0.506,0.470,0.435,0.402,0.370,0.341,0.313,0.286,0.262,0.239,0.218,0.198,0.180,0.164,0.149,0.135,0.122,0.111,0.100,0.091,0.083,0.076,0.069,0.064,0.059,0.055,0.051,0.048,0.045,0.043,0.041,0.040,0.039,0.038,0.038,0.038,0.038,0.038,0.038,0.039,0.039,0.040,0.041,0.042,0.043,0.044,0.045,0.046,0.047,0.048,0.050,0.051,0.052,0.053,0.055,0.056,0.057,0.058,0.059,0.060,0.061,0.062,0.063,0.063,0.064,0.064,0.064,0.064,0.063,0.063,0.062,0.060,0.058,0.056,0.053,0.049,0.045,0.040,0.034,0.028,0.020,0.012,0.002,-0.008,-0.020,-0.033,-0.048,-0.063,-0.081,-0.099,-0.120,-0.142,-0.166,-0.192,-0.219,-0.249,-0.280,-0.314,-0.349,-0.387,-0.427,-0.468,-0.513,-0.559,-0.607,-0.658,-0.711,-0.766,-0.824,-0.884,-0.946,
1.184,1.132,1.079,1.028,0.976,0.926,0.876,0.827,0.779,0.732,0.686,0.642,0.600,0.559,0.520,0.482,0.446,0.412,0.380,0.349,0.320,0.293,0.268,0.245,0.223,0.202,0.184,0.167,0.151,0.137,0.123,0.112,0.101,0.091,0.083,0.075,0.069,0.063,0.057,0.053,0.049,0.046,0.043,0.041,0.039,0.037,0.036,0.035,0.034,0.034,0.034,0.034,0.034,0.034,0.035,0.035,0.036,0.037,0.037,0.038,0.039,0.040,0.041,0.042,0.043,0.044,0.045,0.046,0.047,0.048,0.049,0.050,0.051,0.052,0.052,0.053,0.053,0.054,0.054,0.053,0.053,0.052,0.051,0.050,0.048,0.046,0.043,0.040,0.036,0.031,0.026,0.019,0.012,0.004,-0.005,-0.015,-0.026,-0.039,-0.053,-0.069,-0.086,-0.105,-0.125,-0.147,-0.171,-0.197,-0.225,-0.256,-0.288,-0.322,-0.359,-0.398,-0.440,-0.484,-0.531,-0.580,-0.631,-0.685,-0.742,-0.802,-0.864,-0.929,-0.996,-1.067,-1.140,
1.216,1.162,1.109,1.055,1.002,0.950,0.899,0.849,0.799,0.751,0.705,0.659,0.616,0.573,0.533,0.494,0.457,0.422,0.389,0.358,0.328,0.300,0.274,0.250,0.227,0.207,0.187,0.170,0.153,0.139,0.125,0.113,0.102,0.092,0.083,0.075,0.068,0.062,0.056,0.052,0.048,0.044,0.041,0.038,0.036,0.035,0.033,0.032,0.031,0.031,0.030,0.030,0.030,0.030,0.031,0.031,0.032,0.032,0.033,0.034,0.034,0.035,0.036,0.037,0.038,0.038,0.039,0.040,0.041,0.042,0.042,0.043,0.044,0.044,0.044,0.045,0.045,0.045,0.044,0.044,0.043,0.041,0.040,0.038,0.035,0.033,0.029,0.025,0.020,0.014,0.008,0.000,-0.008,-0.018,-0.028,-0.040,-0.054,-0.068,-0.085,-0.103,-0.122,-0.144,-0.168,-0.193,-0.221,-0.251,-0.283,-0.318,-0.355,-0.394,-0.436,-0.481,-0.529,-0.579,-0.632,-0.689,-0.748,-0.810,-0.875,-0.943,-1.014,-1.089,-1.166,-1.247,-1.331,
1.248,1.193,1.138,1.083,1.029,0.975,0.922,0.871,0.820,0.771,0.723,0.676,0.631,0.588,0.546,0.507,0.469,0.433,0.399,0.366,0.336,0.307,0.280,0.256,0.232,0.211,0.191,0.173,0.156,0.141,0.127,0.114,0.103,0.092,0.083,0.075,0.068,0.061,0.056,0.051,0.046,0.043,0.039,0.037,0.034,0.032,0.031,0.030,0.029,0.028,0.028,0.027,0.027,0.027,0.027,0.028,0.028,0.028,0.029,0.029,0.030,0.031,0.031,0.032,0.033,0.033,0.034,0.035,0.035,0.036,0.036,0.037,0.037,0.037,0.037,0.037,0.037,0.036,0.036,0.035,0.033,0.032,0.030,0.027,0.024,0.020,0.016,0.011,0.005,-0.001,-0.009,-0.018,-0.027,-0.038,-0.051,-0.064,-0.079,-0.096,-0.115,-0.135,-0.158,-0.182,-0.209,-0.237,-0.269,-0.302,-0.339,-0.378,-0.419,-0.464,-0.511,-0.562,-0.615,-0.672,-0.732,-0.795,-0.862,-0.932,-1.005,-1.082,-1.162,-1.246,-1.333,-1.424,-1.519,
1.280,1.223,1.167,1.111,1.055,1.000,0.946,0.893,0.841,0.790,0.741,0.693,0.647,0.603,0.560,0.519,0.480,0.443,0.408,0.375,0.344,0.314,0.287,0.261,0.237,0.215,0.195,0.176,0.159,0.143,0.129,0.116,0.104,0.093,0.084,0.075,0.068,0.061,0.055,0.050,0.045,0.041,0.038,0.035,0.033,0.031,0.029,0.028,0.026,0.026,0.025,0.025,0.024,0.024,0.024,0.024,0.024,0.025,0.025,0.026,0.026,0.027,0.027,0.028,0.028,0.029,0.029,0.030,0.030,0.030,0.031,0.031,0.031,0.031,0.031,0.031,0.030,0.029,0.028,0.027,0.025,0.023,0.020,0.017,0.014,0.009,0.004,-0.002,-0.008,-0.016,-0.024,-0.034,-0.045,-0.058,-0.071,-0.087,-0.104,-0.123,-0.143,-0.166,-0.191,-0.218,-0.248,-0.280,-0.315,-0.352,-0.393,-0.436,-0.482,-0.532,-0.584,-0.640,-0.700,-0.763,-0.829,-0.899,-0.973,-1.050,-1.132,-1.217,-1.306,-1.399,-1.496,-1.598,-1.703,
1.312,1.254,1.196,1.138,1.081,1.025,0.969,0.915,0.862,0.810,0.759,0.710,0.663,0.617,0.574,0.532,0.492,0.454,0.418,0.384,0.352,0.321,0.293,0.267,0.242,0.220,0.199,0.179,0.162,0.146,0.131,0.117,0.105,0.094,0.084,0.076,0.068,0.061,0.055,0.049,0.044,0.040,0.037,0.034,0.031,0.029,0.027,0.026,0.024,0.023,0.023,0.022,0.022,0.022,0.021,0.021,0.022,0.022,0.022,0.022,0.023,0.023,0.023,0.024,0.024,0.025,0.025,0.025,0.026,0.026,0.026,0.026,0.026,0.026,0.025,0.025,0.024,0.023,0.021,0.020,0.017,0.015,0.012,0.008,0.004,-0.001,-0.007,-0.013,-0.021,-0.029,-0.039,-0.050,-0.062,-0.076,-0.091,-0.108,-0.127,-0.148,-0.171,-0.196,-0.223,-0.253,-0.286,-0.321,-0.359,-0.400,-0.445,-0.492,-0.543,-0.597,-0.655,-0.716,-0.782,-0.851,-0.924,-1.000,-1.081,-1.166,-1.256,-1.349,-1.447,-1.549,-1.656,-1.767,-1.883,
1.344,1.284,1.225,1.166,1.108,1.050,0.993,0.937,0.883,0.829,0.777,0.727,0.679,0.632,0.587,0.544,0.503,0.464,0.427,0.392,0.360,0.329,0.300,0.273,0.248,0.224,0.203,0.183,0.165,0.148,0.133,0.119,0.107,0.095,0.085,0.076,0.068,0.061,0.054,0.049,0.044,0.040,0.036,0.033,0.030,0.028,0.026,0.024,0.023,0.022,0.021,0.020,0.020,0.019,0.019,0.019,0.019,0.019,0.019,0.019,0.020,0.020,0.020,0.020,0.021,0.021,0.021,0.021,0.022,0.022,0.022,0.021,0.021,0.021,0.020,0.019,0.018,0.017,0.015,0.013,0.011,0.008,0.004,0.000,-0.005,-0.010,-0.017,-0.024,-0.032,-0.042,-0.052,-0.064,-0.078,-0.093,-0.110,-0.128,-0.149,-0.172,-0.197,-0.224,-0.254,-0.287,-0.322,-0.360,-0.402,-0.447,-0.495,-0.546,-0.602,-0.661,-0.723,-0.790,-0.861,-0.936,-1.015,-1.099,-1.186,-1.279,-1.376,-1.477,-1.584,-1.695,-1.811,-1.932,-2.058,
1.376,1.315,1.254,1.194,1.134,1.075,1.016,0.959,0.903,0.849,0.796,0.744,0.695,0.647,0.601,0.557,0.515,0.475,0.437,0.401,0.368,0.336,0.306,0.279,0.253,0.229,0.207,0.186,0.168,0.151,0.135,0.121,0.108,0.096,0.086,0.077,0.068,0.061,0.054,0.048,0.043,0.039,0.035,0.032,0.029,0.026,0.024,0.023,0.021,0.020,0.019,0.018,0.018,0.017,0.017,0.017,0.017,0.017,0.017,0.017,0.017,0.017,0.017,0.017,0.018,0.018,0.018,0.018,0.018,0.018,0.018,0.017,0.017,0.016,0.016,0.015,0.013,0.012,0.010,0.007,0.004,0.001,-0.003,-0.007,-0.013,-0.019,-0.026,-0.034,-0.043,-0.053,-0.065,-0.078,-0.093,-0.109,-0.127,-0.147,-0.170,-0.194,-0.221,-0.251,-0.283,-0.318,-0.357,-0.398,-0.443,-0.491,-0.543,-0.599,-0.658,-0.722,-0.789,-0.861,-0.937,-1.018,-1.104,-1.194,-1.288,-1.388,-1.492,-1.602,-1.716,-1.836,-1.961,-2.092,-2.228,
1.408,1.346,1.283,1.221,1.160,1.100,1.040,0.981,0.924,0.868,0.814,0.761,0.711,0.662,0.615,0.570,0.527,0.486,0.447,0.410,0.376,0.343,0.313,0.285,0.258,0.234,0.211,0.190,0.171,0.153,0.137,0.123,0.110,0.098,0.087,0.077,0.069,0.061,0.054,0.048,0.043,0.038,0.034,0.031,0.028,0.025,0.023,0.021,0.020,0.019,0.017,0.017,0.016,0.015,0.015,0.015,0.015,0.015,0.015,0.015,0.015,0.015,0.015,0.015,0.015,0.015,0.015,0.015,0.015,0.015,0.014,0.014,0.013,0.013,0.012,0.010,0.009,0.007,0.005,0.002,-0.001,-0.005,-0.009,-0.014,-0.020,-0.027,-0.034,-0.043,-0.053,-0.064,-0.077,-0.091,-0.106,-0.124,-0.144,-0.165,-0.189,-0.216,-0.245,-0.276,-0.311,-0.349,-0.390,-0.434,-0.482,-0.533,-0.589,-0.649,-0.712,-0.780,-0.853,-0.930,-1.011,-1.098,-1.189,-1.285,-1.386,-1.493,-1.605,-1.722,-1.844,-1.973,-2.106,-2.246,-2.392,
1.440,1.376,1.312,1.249,1.186,1.124,1.064,1.004,0.945,0.888,0.832,0.779,0.727,0.676,0.628,0.582,0.538,0.496,0.457,0.419,0.384,0.351,0.320,0.291,0.263,0.238,0.215,0.194,0.174,0.156,0.140,0.125,0.111,0.099,0.088,0.078,0.069,0.062,0.055,0.048,0.043,0.038,0.034,0.030,0.027,0.025,0.022,0.020,0.019,0.017,0.016,0.015,0.015,0.014,0.013,0.013,0.013,0.013,0.013,0.013,0.013,0.013,0.013,0.013,0.013,0.013,0.012,0.012,0.012,0.012,0.011,0.011,0.010,0.009,0.008,0.007,0.005,0.003,0.000,-0.003,-0.006,-0.010,-0.015,-0.020,-0.027,-0.034,-0.042,-0.051,-0.062,-0.074,-0.087,-0.102,-0.119,-0.138,-0.159,-0.182,-0.208,-0.236,-0.267,-0.300,-0.337,-0.377,-0.421,-0.468,-0.519,-0.574,-0.633,-0.696,-0.764,-0.836,-0.913,-0.995,-1.082,-1.174,-1.271,-1.373,-1.481,-1.594,-1.713,-1.837,-1.968,-2.104,-2.246,-2.395,-2.550,
1.472,1.407,1.342,1.277,1.213,1.149,1.087,1.026,0.966,0.908,0.851,0.796,0.743,0.691,0.642,0.595,0.550,0.507,0.467,0.428,0.392,0.358,0.326,0.297,0.269,0.243,0.220,0.198,0.178,0.159,0.142,0.127,0.113,0.101,0.089,0.079,0.070,0.062,0.055,0.049,0.043,0.038,0.034,0.030,0.027,0.024,0.022,0.019,0.018,0.016,0.015,0.014,0.013,0.013,0.012,0.012,0.011,0.011,0.011,0.011,0.011,0.011,0.011,0.011,0.011,0.010,0.010,0.010,0.010,0.009,0.009,0.008,0.007,0.006,0.005,0.003,0.001,-0.001,-0.004,-0.007,-0.011,-0.015,-0.020,-0.026,-0.033,-0.040,-0.049,-0.059,-0.070,-0.083,-0.097,-0.113,-0.131,-0.151,-0.173,-0.198,-0.225,-0.255,-0.287,-0.323,-0.362,-0.405,-0.451,-0.501,-0.554,-0.613,-0.675,-0.742,-0.813,-0.890,-0.971,-1.058,-1.149,-1.247,-1.349,-1.457,-1.571,-1.691,-1.816,-1.948,-2.086,-2.230,-2.381,-2.538,-2.701,
1.504,1.437,1.371,1.305,1.239,1.174,1.111,1.048,0.987,0.927,0.869,0.813,0.759,0.706,0.656,0.608,0.562,0.518,0.476,0.437,0.400,0.366,0.333,0.303,0.274,0.248,0.224,0.202,0.181,0.162,0.145,0.129,0.115,0.102,0.091,0.080,0.071,0.063,0.055,0.049,0.043,0.038,0.034,0.030,0.026,0.023,0.021,0.019,0.017,0.015,0.014,0.013,0.012,0.012,0.011,0.010,0.010,0.010,0.010,0.009,0.009,0.009,0.009,0.009,0.009,0.009,0.008,0.008,0.008,0.007,0.006,0.006,0.005,0.003,0.002,0.000,-0.002,-0.004,-0.007,-0.011,-0.015,-0.019,-0.025,-0.031,-0.038,-0.046,-0.056,-0.066,-0.078,-0.091,-0.107,-0.124,-0.142,-0.163,-0.187,-0.213,-0.241,-0.272,-0.307,-0.344,-0.386,-0.430,-0.479,-0.531,-0.588,-0.649,-0.715,-0.785,-0.860,-0.941,-1.026,-1.117,-1.214,-1.316,-1.424,-1.538,-1.657,-1.783,-1.915,-2.054,-2.199,-2.350,-2.509,-2.674,-2.846,
1.536,1.468,1.400,1.332,1.265,1.199,1.134,1.070,1.008,0.947,0.888,0.830,0.775,0.721,0.670,0.620,0.573,0.529,0.486,0.446,0.409,0.373,0.340,0.309,0.280,0.253,0.228,0.205,0.184,0.165,0.148,0.132,0.117,0.104,0.092,0.081,0.072,0.063,0.056,0.049,0.043,0.038,0.033,0.029,0.026,0.023,0.020,0.018,0.016,0.015,0.013,0.012,0.011,0.011,0.010,0.009,0.009,0.009,0.008,0.008,0.008,0.008,0.008,0.007,0.007,0.007,0.007,0.006,0.006,0.005,0.004,0.004,0.002,0.001,-0.000,-0.002,-0.005,-0.007,-0.010,-0.014,-0.018,-0.023,-0.029,-0.036,-0.043,-0.052,-0.062,-0.073,-0.085,-0.099,-0.115,-0.133,-0.153,-0.175,-0.199,-0.226,-0.256,-0.289,-0.325,-0.365,-0.408,-0.454,-0.505,-0.560,-0.620,-0.684,-0.752,-0.826,-0.905,-0.989,-1.079,-1.174,-1.275,-1.382,-1.495,-1.614,-1.739,-1.871,-2.009,-2.154,-2.306,-2.465,-2.630,-2.803,-2.984,
1.568,1.498,1.429,1.360,1.292,1.224,1.158,1.093,1.029,0.966,0.906,0.847,0.791,0.736,0.683,0.633,0.585,0.540,0.496,0.455,0.417,0.381,0.347,0.315,0.285,0.258,0.233,0.209,0.188,0.168,0.150,0.134,0.119,0.106,0.093,0.083,0.073,0.064,0.056,0.050,0.043,0.038,0.033,0.029,0.026,0.023,0.020,0.018,0.016,0.014,0.013,0.012,0.011,0.010,0.009,0.008,0.008,0.008,0.007,0.007,0.007,0.007,0.006,0.006,0.006,0.006,0.005,0.005,0.004,0.003,0.003,0.002,0.001,-0.001,-0.003,-0.005,-0.007,-0.010,-0.013,-0.017,-0.022,-0.027,-0.033,-0.040,-0.048,-0.057,-0.067,-0.079,-0.092,-0.106,-0.123,-0.142,-0.162,-0.185,-0.211,-0.239,-0.270,-0.305,-0.342,-0.383,-0.428,-0.477,-0.530,-0.587,-0.649,-0.716,-0.788,-0.864,-0.947,-1.034,-1.128,-1.227,-1.332,-1.444,-1.561,-1.685,-1.816,-1.954,-2.098,-2.249,-2.407,-2.573,-2.746,-2.926,-3.114,
1.600,1.529,1.458,1.388,1.318,1.249,1.181,1.115,1.050,0.986,0.924,0.864,0.807,0.751,0.697,0.646,0.597,0.550,0.506,0.465,0.425,0.388,0.354,0.321,0.291,0.263,0.237,0.213,0.191,0.171,0.153,0.136,0.121,0.107,0.095,0.084,0.074,0.065,0.057,0.050,0.044,0.038,0.034,0.029,0.026,0.023,0.020,0.017,0.015,0.014,0.012,0.011,0.010,0.009,0.008,0.008,0.007,0.007,0.006,0.006,0.006,0.006,0.005,0.005,0.005,0.004,0.004,0.003,0.003,0.002,0.001,0.000,-0.001,-0.003,-0.005,-0.007,-0.009,-0.012,-0.016,-0.020,-0.024,-0.030,-0.036,-0.043,-0.052,-0.061,-0.072,-0.084,-0.098,-0.113,-0.130,-0.150,-0.171,-0.195,-0.222,-0.251,-0.283,-0.319,-0.358,-0.401,-0.447,-0.498,-0.553,-0.613,-0.677,-0.746,-0.821,-0.900,-0.986,-1.077,-1.174,-1.277,-1.386,-1.502,-1.624,-1.753,-1.889,-2.031,-2.181,-2.338,-2.502,-2.674,-2.854,-3.041,-3.236,
1.632,1.560,1.487,1.415,1.344,1.274,1.205,1.137,1.071,1.006,0.943,0.882,0.823,0.766,0.711,0.659,0.609,0.561,0.516,0.474,0.434,0.396,0.360,0.327,0.297,0.268,0.242,0.217,0.195,0.174,0.156,0.139,0.123,0.109,0.097,0.085,0.075,0.066,0.058,0.051,0.044,0.039,0.034,0.029,0.026,0.022,0.020,0.017,0.015,0.013,0.012,0.011,0.009,0.008,0.008,0.007,0.007,0.006,0.006,0.005,0.005,0.005,0.004,0.004,0.004,0.003,0.003,0.002,0.002,0.001,-0.000,-0.001,-0.003,-0.004,-0.006,-0.008,-0.011,-0.014,-0.018,-0.022,-0.027,-0.033,-0.039,-0.047,-0.055,-0.065,-0.076,-0.089,-0.103,-0.119,-0.137,-0.157,-0.179,-0.204,-0.231,-0.262,-0.295,-0.332,-0.373,-0.417,-0.465,-0.518,-0.575,-0.636,-0.703,-0.774,-0.851,-0.934,-1.022,-1.116,-1.217,-1.323,-1.436,-1.556,-1.682,-1.816,-1.956,-2.104,-2.259,-2.421,-2.591,-2.769,-2.954,-3.148,-3.350,
1.664,1.590,1.516,1.443,1.371,1.299,1.229,1.159,1.092,1.025,0.961,0.899,0.839,0.781,0.725,0.672,0.621,0.572,0.526,0.483,0.442,0.403,0.367,0.334,0.302,0.273,0.246,0.221,0.199,0.178,0.159,0.141,0.125,0.111,0.098,0.087,0.076,0.067,0.059,0.051,0.045,0.039,0.034,0.030,0.026,0.022,0.019,0.017,0.015,0.013,0.011,0.010,0.009,0.008,0.007,0.007,0.006,0.005,0.005,0.005,0.004,0.004,0.004,0.003,0.003,0.002,0.002,0.001,0.001,-0.000,-0.001,-0.002,-0.004,-0.006,-0.008,-0.010,-0.013,-0.016,-0.020,-0.024,-0.029,-0.035,-0.042,-0.050,-0.059,-0.069,-0.080,-0.093,-0.108,-0.124,-0.143,-0.163,-0.186,-0.212,-0.240,-0.272,-0.306,-0.344,-0.386,-0.432,-0.482,-0.536,-0.594,-0.658,-0.726,-0.800,-0.880,-0.965,-1.056,-1.153,-1.256,-1.366,-1.483,-1.606,-1.736,-1.874,-2.019,-2.171,-2.330,-2.498,-2.673,-2.856,-3.048,-3.247,-3.456,
1.696,1.621,1.546,1.471,1.397,1.324,1.252,1.182,1.112,1.045,0.980,0.916,0.855,0.796,0.739,0.684,0.633,0.583,0.536,0.492,0.450,0.411,0.374,0.340,0.308,0.278,0.251,0.225,0.202,0.181,0.161,0.144,0.127,0.113,0.100,0.088,0.077,0.068,0.059,0.052,0.045,0.039,0.034,0.030,0.026,0.022,0.019,0.017,0.015,0.013,0.011,0.010,0.009,0.008,0.007,0.006,0.005,0.005,0.004,0.004,0.004,0.003,0.003,0.003,0.002,0.002,0.001,0.000,-0.000,-0.001,-0.002,-0.004,-0.005,-0.007,-0.009,-0.011,-0.014,-0.018,-0.022,-0.026,-0.031,-0.037,-0.044,-0.052,-0.062,-0.072,-0.084,-0.097,-0.112,-0.129,-0.148,-0.169,-0.193,-0.219,-0.249,-0.281,-0.316,-0.356,-0.398,-0.445,-0.496,-0.552,-0.612,-0.678,-0.748,-0.824,-0.906,-0.993,-1.087,-1.186,-1.293,-1.405,-1.525,-1.652,-1.786,-1.927,-2.076,-2.232,-2.396,-2.568,-2.748,-2.937,-3.133,-3.339,-3.553,
1.728,1.651,1.575,1.499,1.423,1.349,1.276,1.204,1.133,1.065,0.998,0.933,0.871,0.811,0.753,0.697,0.644,0.594,0.546,0.501,0.459,0.419,0.381,0.346,0.314,0.283,0.255,0.230,0.206,0.184,0.164,0.146,0.130,0.115,0.101,0.089,0.078,0.069,0.060,0.053,0.046,0.040,0.035,0.030,0.026,0.022,0.019,0.017,0.015,0.013,0.011,0.010,0.008,0.007,0.006,0.006,0.005,0.005,0.004,0.004,0.003,0.003,0.002,0.002,0.002,0.001,0.000,-0.000,-0.001,-0.002,-0.003,-0.004,-0.006,-0.008,-0.010,-0.013,-0.016,-0.019,-0.023,-0.028,-0.033,-0.039,-0.047,-0.055,-0.064,-0.075,-0.087,-0.101,-0.116,-0.134,-0.153,-0.175,-0.199,-0.226,-0.256,-0.289,-0.325,-0.366,-0.409,-0.458,-0.510,-0.567,-0.629,-0.696,-0.768,-0.846,-0.929,-1.019,-1.114,-1.217,-1.325,-1.441,-1.564,-1.694,-1.831,-1.975,-2.128,-2.288,-2.456,-2.632,-2.817,-3.009,-3.211,-3.421,-3.640,
1.760,1.682,1.604,1.526,1.450,1.374,1.299,1.226,1.154,1.084,1.016,0.951,0.887,0.826,0.767,0.710,0.656,0.605,0.556,0.510,0.467,0.426,0.388,0.352,0.319,0.288,0.260,0.234,0.209,0.187,0.167,0.149,0.132,0.117,0.103,0.091,0.080,0.070,0.061,0.053,0.046,0.040,0.035,0.030,0.026,0.023,0.020,0.017,0.015,0.013,0.011,0.009,0.008,0.007,0.006,0.005,0.005,0.004,0.004,0.003,0.003,0.002,0.002,0.001,0.001,0.000,-0.000,-0.001,-0.002,-0.003,-0.004,-0.005,-0.007,-0.009,-0.011,-0.014,-0.017,-0.020,-0.024,-0.029,-0.035,-0.041,-0.048,-0.057,-0.066,-0.077,-0.090,-0.104,-0.120,-0.137,-0.157,-0.180,-0.204,-0.232,-0.263,-0.296,-0.334,-0.374,-0.419,-0.468,-0.522,-0.580,-0.643,-0.712,-0.785,-0.865,-0.950,-1.041,-1.139,-1.244,-1.355,-1.473,-1.598,-1.731,-1.871,-2.019,-2.174,-2.338,-2.509,-2.689,-2.878,-3.075,-3.280,-3.495,-3.719,
1.792,1.712,1.633,1.554,1.476,1.399,1.323,1.248,1.175,1.104,1.035,0.968,0.903,0.840,0.780,0.723,0.668,0.616,0.566,0.520,0.475,0.434,0.395,0.359,0.325,0.294,0.265,0.238,0.213,0.191,0.170,0.151,0.134,0.119,0.105,0.092,0.081,0.071,0.062,0.054,0.047,0.041,0.035,0.031,0.026,0.023,0.020,0.017,0.015,0.013,0.011,0.009,0.008,0.007,0.006,0.005,0.005,0.004,0.003,0.003,0.002,0.002,0.002,0.001,0.001,0.000,-0.001,-0.001,-0.002,-0.003,-0.004,-0.006,-0.007,-0.009,-0.012,-0.014,-0.018,-0.021,-0.025,-0.030,-0.036,-0.043,-0.050,-0.059,-0.068,-0.080,-0.092,-0.107,-0.123,-0.141,-0.161,-0.184,-0.209,-0.237,-0.268,-0.303,-0.341,-0.382,-0.428,-0.478,-0.532,-0.592,-0.656,-0.726,-0.801,-0.882,-0.968,-1.062,-1.161,-1.267,-1.381,-1.501,-1.629,-1.764,-1.906,-2.057,-2.215,-2.382,-2.556,-2.740,-2.931,-3.132,-3.342,-3.560,-3.788,
1.824,1.743,1.662,1.582,1.502,1.424,1.347,1.271,1.196,1.124,1.053,0.985,0.919,0.855,0.794,0.736,0.680,0.627,0.576,0.529,0.484,0.442,0.402,0.365,0.331,0.299,0.269,0.242,0.217,0.194,0.173,0.154,0.136,0.121,0.106,0.094,0.082,0.072,0.063,0.055,0.048,0.041,0.036,0.031,0.027,0.023,0.020,0.017,0.015,0.013,0.011,0.009,0.008,0.007,0.006,0.005,0.004,0.004,0.003,0.003,0.002,0.002,0.001,0.001,0.000,-0.000,-0.001,-0.002,-0.003,-0.004,-0.005,-0.006,-0.008,-0.010,-0.012,-0.015,-0.018,-0.022,-0.026,-0.031,-0.037,-0.044,-0.051,-0.060,-0.070,-0.082,-0.094,-0.109,-0.125,-0.144,-0.164,-0.187,-0.213,-0.242,-0.273,-0.308,-0.347,-0.389,-0.435,-0.486,-0.542,-0.602,-0.667,-0.738,-0.814,-0.896,-0.984,-1.079,-1.180,-1.288,-1.403,-1.525,-1.655,-1.792,-1.937,-2.089,-2.250,-2.419,-2.597,-2.783,-2.978,-3.182,-3.394,-3.617,-3.848,
1.856,1.774,1.691,1.610,1.529,1.449,1.370,1.293,1.217,1.144,1.072,1.002,0.935,0.870,0.808,0.749,0.692,0.638,0.586,0.538,0.492,0.449,0.409,0.371,0.336,0.304,0.274,0.246,0.220,0.197,0.176,0.156,0.139,0.123,0.108,0.095,0.084,0.073,0.064,0.056,0.048,0.042,0.036,0.031,0.027,0.023,0.020,0.017,0.015,0.013,0.011,0.009,0.008,0.007,0.006,0.005,0.004,0.004,0.003,0.002,0.002,0.002,0.001,0.001,-0.000,-0.001,-0.001,-0.002,-0.003,-0.004,-0.005,-0.007,-0.008,-0.011,-0.013,-0.016,-0.019,-0.023,-0.027,-0.032,-0.038,-0.045,-0.053,-0.062,-0.072,-0.083,-0.096,-0.111,-0.127,-0.146,-0.167,-0.190,-0.216,-0.245,-0.277,-0.313,-0.352,-0.395,-0.442,-0.493,-0.549,-0.610,-0.676,-0.748,-0.825,-0.908,-0.998,-1.093,-1.196,-1.305,-1.422,-1.545,-1.677,-1.815,-1.962,-2.117,-2.280,-2.451,-2.631,-2.819,-3.017,-3.223,-3.439,-3.664,-3.898,
1.888,1.804,1.721,1.637,1.555,1.474,1.394,1.315,1.238,1.163,1.090,1.020,0.951,0.885,0.822,0.761,0.704,0.649,0.596,0.547,0.501,0.457,0.416,0.378,0.342,0.309,0.278,0.250,0.224,0.200,0.179,0.159,0.141,0.125,0.110,0.097,0.085,0.074,0.065,0.056,0.049,0.042,0.037,0.032,0.027,0.023,0.020,0.017,0.015,0.013,0.011,0.009,0.008,0.007,0.006,0.005,0.004,0.003,0.003,0.002,0.002,0.001,0.001,0.000,-0.000,-0.001,-0.002,-0.002,-0.003,-0.004,-0.006,-0.007,-0.009,-0.011,-0.013,-0.016,-0.020,-0.023,-0.028,-0.033,-0.039,-0.046,-0.054,-0.063,-0.073,-0.084,-0.098,-0.112,-0.129,-0.148,-0.169,-0.193,-0.219,-0.248,-0.281,-0.317,-0.356,-0.399,-0.447,-0.499,-0.555,-0.617,-0.684,-0.756,-0.834,-0.918,-1.008,-1.105,-1.209,-1.319,-1.437,-1.562,-1.694,-1.834,-1.983,-2.139,-2.304,-2.477,-2.658,-2.849,-3.048,-3.256,-3.474,-3.701,-3.938,
1.920,1.835,1.750,1.665,1.581,1.499,1.417,1.337,1.259,1.183,1.109,1.037,0.967,0.900,0.836,0.774,0.716,0.660,0.606,0.556,0.509,0.464,0.423,0.384,0.348,0.314,0.283,0.254,0.228,0.204,0.182,0.161,0.143,0.127,0.112,0.098,0.086,0.075,0.066,0.057,0.050,0.043,0.037,0.032,0.028,0.024,0.020,0.017,0.015,0.013,0.011,0.009,0.008,0.007,0.006,0.005,0.004,0.003,0.003,0.002,0.002,0.001,0.001,0.000,-0.000,-0.001,-0.002,-0.002,-0.003,-0.005,-0.006,-0.007,-0.009,-0.011,-0.014,-0.017,-0.020,-0.024,-0.028,-0.034,-0.040,-0.046,-0.054,-0.063,-0.074,-0.085,-0.099,-0.114,-0.131,-0.150,-0.171,-0.195,-0.221,-0.251,-0.283,-0.319,-0.359,-0.403,-0.451,-0.503,-0.560,-0.622,-0.689,-0.762,-0.841,-0.926,-1.016,-1.114,-1.218,-1.330,-1.448,-1.574,-1.707,-1.849,-1.998,-2.156,-2.321,-2.496,-2.679,-2.871,-3.071,-3.281,-3.501,-3.730,-3.968,
1.952,1.865,1.779,1.693,1.608,1.524,1.441,1.360,1.280,1.203,1.127,1.054,0.983,0.915,0.850,0.787,0.727,0.670,0.616,0.565,0.517,0.472,0.430,0.390,0.353,0.319,0.287,0.258,0.231,0.207,0.184,0.164,0.145,0.129,0.113,0.100,0.087,0.076,0.067,0.058,0.050,0.044,0.038,0.033,0.028,0.024,0.021,0.018,0.015,0.013,0.011,0.009,0.008,0.007,0.006,0.005,0.004,0.003,0.003,0.002,0.002,0.001,0.001,0.000,-0.000,-0.001,-0.002,-0.003,-0.004,-0.005,-0.006,-0.008,-0.009,-0.011,-0.014,-0.017,-0.020,-0.024,-0.029,-0.034,-0.040,-0.047,-0.055,-0.064,-0.074,-0.086,-0.100,-0.115,-0.132,-0.151,-0.172,-0.196,-0.223,-0.252,-0.285,-0.321,-0.361,-0.405,-0.453,-0.506,-0.563,-0.626,-0.693,-0.767,-0.846,-0.931,-1.022,-1.120,-1.225,-1.337,-1.456,-1.582,-1.716,-1.858,-2.008,-2.167,-2.333,-2.509,-2.692,-2.885,-3.087,-3.298,-3.519,-3.749,-3.989,
1.984,1.896,1.808,1.721,1.634,1.549,1.464,1.382,1.301,1.222,1.146,1.071,0.999,0.930,0.864,0.800,0.739,0.681,0.626,0.575,0.526,0.480,0.437,0.396,0.359,0.324,0.292,0.262,0.235,0.210,0.187,0.166,0.148,0.130,0.115,0.101,0.089,0.078,0.068,0.059,0.051,0.044,0.038,0.033,0.028,0.024,0.021,0.018,0.015,0.013,0.011,0.009,0.008,0.007,0.006,0.005,0.004,0.003,0.003,0.002,0.002,0.001,0.001,0.000,-0.000,-0.001,-0.002,-0.003,-0.004,-0.005,-0.006,-0.008,-0.010,-0.012,-0.014,-0.017,-0.020,-0.024,-0.029,-0.034,-0.040,-0.047,-0.055,-0.065,-0.075,-0.087,-0.100,-0.115,-0.132,-0.152,-0.173,-0.197,-0.224,-0.253,-0.286,-0.323,-0.363,-0.407,-0.455,-0.508,-0.565,-0.628,-0.695,-0.769,-0.848,-0.933,-1.025,-1.123,-1.228,-1.340,-1.460,-1.586,-1.721,-1.863,-2.014,-2.172,-2.339,-2.515,-2.699,-2.893,-3.095,-3.307,-3.528,-3.758,-3.999,
2.016,1.926,1.837,1.748,1.660,1.574,1.488,1.404,1.322,1.242,1.164,1.088,1.015,0.945,0.877,0.813,0.751,0.692,0.636,0.584,0.534,0.487,0.444,0.403,0.365,0.329,0.297,0.266,0.239,0.213,0.190,0.169,0.150,0.132,0.117,0.103,0.090,0.079,0.069,0.060,0.052,0.045,0.039,0.033,0.029,0.025,0.021,0.018,0.015,0.013,0.011,0.009,0.008,0.007,0.006,0.005,0.004,0.003,0.003,0.002,0.002,0.001,0.001,0.000,-0.000,-0.001,-0.002,-0.003,-0.004,-0.005,-0.006,-0.008,-0.010,-0.012,-0.014,-0.017,-0.021,-0.025,-0.029,-0.034,-0.041,-0.048,-0.056,-0.065,-0.075,-0.087,-0.100,-0.116,-0.133,-0.152,-0.173,-0.197,-0.224,-0.254,-0.287,-0.323,-0.363,-0.407,-0.455,-0.508,-0.565,-0.628,-0.696,-0.769,-0.848,-0.934,-1.025,-1.123,-1.228,-1.341,-1.460,-1.587,-1.721,-1.864,-2.014,-2.173,-2.340,-2.515,-2.700,-2.893,-3.095,-3.307,-3.528,-3.758,-3.999,
2.048,1.957,1.866,1.776,1.687,1.598,1.512,1.426,1.343,1.261,1.182,1.106,1.031,0.960,0.891,0.826,0.763,0.703,0.646,0.593,0.542,0.495,0.450,0.409,0.370,0.334,0.301,0.270,0.242,0.216,0.193,0.171,0.152,0.134,0.118,0.104,0.091,0.080,0.070,0.060,0.052,0.045,0.039,0.034,0.029,0.025,0.021,0.018,0.016,0.013,0.011,0.010,0.008,0.007,0.006,0.005,0.004,0.004,0.003,0.002,0.002,0.001,0.001,0.000,-0.000,-0.001,-0.002,-0.003,-0.004,-0.005,-0.006,-0.008,-0.010,-0.012,-0.014,-0.017,-0.021,-0.025,-0.029,-0.035,-0.041,-0.048,-0.056,-0.065,-0.075,-0.087,-0.100,-0.116,-0.133,-0.152,-0.173,-0.197,-0.224,-0.254,-0.286,-0.323,-0.363,-0.406,-0.455,-0.507,-0.564,-0.627,-0.694,-0.768,-0.847,-0.932,-1.023,-1.121,-1.226,-1.337,-1.456,-1.583,-1.717,-1.859,-2.009,-2.167,-2.334,-2.509,-2.693,-2.886,-3.087,-3.298,-3.519,-3.749,-3.989,
2.080,1.988,1.895,1.804,1.713,1.623,1.535,1.449,1.364,1.281,1.201,1.123,1.047,0.975,0.905,0.838,0.775,0.714,0.656,0.602,0.551,0.502,0.457,0.415,0.376,0.339,0.306,0.274,0.246,0.220,0.196,0.174,0.154,0.136,0.120,0.105,0.092,0.081,0.070,0.061,0.053,0.046,0.040,0.034,0.029,0.025,0.022,0.018,0.016,0.013,0.011,0.010,0.008,0.007,0.006,0.005,0.004,0.004,0.003,0.003,0.002,0.001,0.001,0.000,-0.000,-0.001,-0.002,-0.003,-0.004,-0.005,-0.006,-0.008,-0.010,-0.012,-0.014,-0.017,-0.021,-0.025,-0.029,-0.034,-0.041,-0.048,-0.056,-0.065,-0.075,-0.087,-0.100,-0.115,-0.132,-0.151,-0.173,-0.197,-0.223,-0.253,-0.285,-0.321,-0.361,-0.405,-0.453,-0.505,-0.562,-0.624,-0.691,-0.764,-0.843,-0.927,-1.018,-1.116,-1.220,-1.331,-1.449,-1.575,-1.709,-1.850,-1.999,-2.156,-2.322,-2.496,-2.679,-2.871,-3.072,-3.282,-3.501,-3.730,-3.968,
2.112,2.018,1.925,1.832,1.739,1.648,1.559,1.471,1.385,1.301,1.219,1.140,1.063,0.990,0.919,0.851,0.786,0.725,0.666,0.611,0.559,0.510,0.464,0.421,0.381,0.344,0.310,0.278,0.249,0.223,0.198,0.176,0.156,0.138,0.122,0.107,0.094,0.082,0.071,0.062,0.054,0.047,0.040,0.035,0.030,0.025,0.022,0.019,0.016,0.014,0.012,0.010,0.009,0.007,0.006,0.005,0.005,0.004,0.003,0.003,0.002,0.002,0.001,0.001,-0.000,-0.001,-0.001,-0.002,-0.003,-0.005,-0.006,-0.008,-0.009,-0.012,-0.014,-0.017,-0.020,-0.024,-0.029,-0.034,-0.040,-0.047,-0.055,-0.064,-0.075,-0.087,-0.100,-0.115,-0.132,-0.151,-0.172,-0.195,-0.222,-0.251,-0.283,-0.319,-0.359,-0.402,-0.450,-0.501,-0.558,-0.620,-0.686,-0.759,-0.837,-0.921,-1.011,-1.107,-1.211,-1.321,-1.439,-1.563,-1.696,-1.836,-1.984,-2.140,-2.305,-2.478,-2.659,-2.849,-3.049,-3.257,-3.474,-3.701,-3.938,
2.144,2.049,1.954,1.859,1.766,1.673,1.582,1.493,1.406,1.320,1.237,1.157,1.079,1.004,0.932,0.864,0.798,0.735,0.676,0.620,0.567,0.517,0.471,0.427,0.387,0.349,0.314,0.282,0.253,0.226,0.201,0.179,0.158,0.140,0.123,0.108,0.095,0.083,0.072,0.063,0.054,0.047,0.041,0.035,0.030,0.026,0.022,0.019,0.016,0.014,0.012,0.010,0.009,0.008,0.006,0.006,0.005,0.004,0.004,0.003,0.002,0.002,0.001,0.001,0.000,-0.000,-0.001,-0.002,-0.003,-0.004,-0.006,-0.007,-0.009,-0.011,-0.014,-0.017,-0.020,-0.024,-0.029,-0.034,-0.040,-0.047,-0.055,-0.064,-0.074,-0.086,-0.099,-0.114,-0.131,-0.149,-0.170,-0.194,-0.220,-0.249,-0.281,-0.316,-0.356,-0.398,-0.445,-0.497,-0.553,-0.614,-0.680,-0.751,-0.828,-0.912,-1.001,-1.096,-1.199,-1.308,-1.424,-1.548,-1.679,-1.818,-1.964,-2.119,-2.281,-2.452,-2.632,-2.820,-3.018,-3.224,-3.439,-3.664,-3.898,
2.176,2.079,1.983,1.887,1.792,1.698,1.606,1.515,1.426,1.340,1.256,1.174,1.095,1.019,0.946,0.876,0.810,0.746,0.686,0.629,0.575,0.525,0.477,0.433,0.392,0.354,0.319,0.286,0.256,0.229,0.204,0.181,0.160,0.141,0.125,0.109,0.096,0.084,0.073,0.063,0.055,0.048,0.041,0.035,0.030,0.026,0.022,0.019,0.016,0.014,0.012,0.010,0.009,0.008,0.007,0.006,0.005,0.004,0.004,0.003,0.003,0.002,0.002,0.001,0.001,-0.000,-0.001,-0.002,-0.003,-0.004,-0.005,-0.007,-0.009,-0.011,-0.014,-0.017,-0.020,-0.024,-0.029,-0.034,-0.040,-0.047,-0.054,-0.063,-0.074,-0.085,-0.098,-0.113,-0.129,-0.148,-0.169,-0.192,-0.218,-0.246,-0.278,-0.313,-0.351,-0.394,-0.440,-0.491,-0.546,-0.606,-0.672,-0.742,-0.818,-0.900,-0.988,-1.083,-1.184,-1.292,-1.406,-1.528,-1.658,-1.794,-1.939,-2.092,-2.252,-2.421,-2.598,-2.784,-2.979,-3.182,-3.395,-3.617,-3.848,
2.208,2.110,2.012,1.915,1.818,1.723,1.629,1.537,1.447,1.359,1.274,1.191,1.111,1.034,0.960,0.889,0.821,0.757,0.696,0.638,0.583,0.532,0.484,0.439,0.397,0.359,0.323,0.290,0.259,0.232,0.206,0.183,0.162,0.143,0.126,0.111,0.097,0.085,0.074,0.064,0.055,0.048,0.041,0.036,0.031,0.026,0.023,0.019,0.017,0.014,0.012,0.011,0.009,0.008,0.007,0.006,0.005,0.005,0.004,0.004,0.003,0.003,0.002,0.002,0.001,0.000,-0.001,-0.001,-0.002,-0.004,-0.005,-0.007,-0.009,-0.011,-0.013,-0.016,-0.020,-0.024,-0.028,-0.033,-0.039,-0.046,-0.054,-0.063,-0.073,-0.084,-0.097,-0.112,-0.128,-0.146,-0.167,-0.189,-0.215,-0.243,-0.274,-0.309,-0.347,-0.388,-0.434,-0.484,-0.538,-0.598,-0.662,-0.731,-0.806,-0.887,-0.974,-1.067,-1.166,-1.272,-1.385,-1.505,-1.632,-1.767,-1.909,-2.059,-2.218,-2.384,-2.558,-2.741,-2.933,-3.133,-3.342,-3.561,-3.788,
2.240,2.140,2.041,1.942,1.844,1.748,1.653,1.559,1.468,1.379,1.292,1.208,1.127,1.049,0.973,0.901,0.833,0.767,0.705,0.646,0.591,0.539,0.490,0.445,0.403,0.363,0.327,0.293,0.263,0.234,0.209,0.185,0.164,0.145,0.127,0.112,0.098,0.085,0.074,0.065,0.056,0.048,0.042,0.036,0.031,0.027,0.023,0.020,0.017,0.015,0.013,0.011,0.010,0.008,0.007,0.007,0.006,0.005,0.005,0.004,0.004,0.003,0.003,0.002,0.001,0.001,-0.000,-0.001,-0.002,-0.003,-0.005,-0.006,-0.008,-0.010,-0.013,-0.016,-0.019,-0.023,-0.028,-0.033,-0.039,-0.045,-0.053,-0.062,-0.072,-0.083,-0.096,-0.110,-0.126,-0.144,-0.164,-0.187,-0.212,-0.239,-0.270,-0.304,-0.341,-0.382,-0.427,-0.476,-0.529,-0.587,-0.650,-0.718,-0.792,-0.871,-0.956,-1.048,-1.145,-1.249,-1.360,-1.478,-1.603,-1.735,-1.875,-2.022,-2.177,-2.340,-2.512,-2.691,-2.879,-3.076,-3.281,-3.496,-3.719,
2.272,2.171,2.070,1.970,1.871,1.773,1.676,1.581,1.489,1.398,1.310,1.225,1.143,1.063,0.987,0.914,0.844,0.778,0.715,0.655,0.599,0.546,0.497,0.451,0.408,0.368,0.331,0.297,0.266,0.237,0.211,0.187,0.166,0.146,0.128,0.113,0.099,0.086,0.075,0.065,0.056,0.049,0.042,0.036,0.031,0.027,0.023,0.020,0.017,0.015,0.013,0.011,0.010,0.009,0.008,0.007,0.006,0.006,0.005,0.005,0.004,0.004,0.003,0.003,0.002,0.001,0.001,-0.000,-0.001,-0.003,-0.004,-0.006,-0.008,-0.010,-0.012,-0.015,-0.019,-0.023,-0.027,-0.032,-0.038,-0.045,-0.052,-0.061,-0.071,-0.082,-0.094,-0.108,-0.124,-0.142,-0.161,-0.183,-0.208,-0.235,-0.265,-0.298,-0.335,-0.375,-0.419,-0.467,-0.519,-0.576,-0.637,-0.704,-0.776,-0.854,-0.937,-1.026,-1.122,-1.223,-1.332,-1.447,-1.569,-1.699,-1.835,-1.980,-2.132,-2.291,-2.459,-2.635,-2.819,-3.011,-3.212,-3.422,-3.640,
2.304,2.201,2.099,1.998,1.897,1.798,1.700,1.604,1.509,1.418,1.328,1.242,1.158,1.078,1.000,0.926,0.855,0.788,0.724,0.664,0.607,0.553,0.503,0.456,0.413,0.372,0.335,0.300,0.269,0.240,0.213,0.189,0.167,0.147,0.130,0.114,0.099,0.087,0.075,0.065,0.057,0.049,0.042,0.036,0.031,0.027,0.023,0.020,0.018,0.015,0.013,0.012,0.010,0.009,0.008,0.008,0.007,0.006,0.006,0.005,0.005,0.004,0.004,0.003,0.003,0.002,0.001,0.000,-0.001,-0.002,-0.003,-0.005,-0.007,-0.009,-0.012,-0.015,-0.018,-0.022,-0.027,-0.032,-0.037,-0.044,-0.051,-0.060,-0.070,-0.080,-0.093,-0.106,-0.122,-0.139,-0.158,-0.180,-0.204,-0.230,-0.260,-0.292,-0.328,-0.367,-0.410,-0.456,-0.507,-0.563,-0.623,-0.688,-0.758,-0.834,-0.915,-1.002,-1.095,-1.195,-1.300,-1.413,-1.532,-1.658,-1.792,-1.932,-2.080,-2.236,-2.400,-2.571,-2.751,-2.938,-3.134,-3.339,-3.553,
2.336,2.232,2.128,2.025,1.923,1.822,1.723,1.626,1.530,1.437,1.347,1.259,1.174,1.092,1.014,0.938,0.867,0.798,0.734,0.672,0.614,0.560,0.509,0.462,0.418,0.376,0.339,0.304,0.271,0.242,0.215,0.191,0.169,0.149,0.131,0.114,0.100,0.087,0.076,0.066,0.057,0.049,0.043,0.037,0.032,0.027,0.024,0.021,0.018,0.016,0.014,0.012,0.011,0.010,0.009,0.008,0.008,0.007,0.007,0.006,0.006,0.005,0.005,0.004,0.004,0.003,0.002,0.001,-0.000,-0.001,-0.003,-0.004,-0.006,-0.009,-0.011,-0.014,-0.018,-0.021,-0.026,-0.031,-0.037,-0.043,-0.050,-0.059,-0.068,-0.079,-0.091,-0.104,-0.119,-0.136,-0.155,-0.176,-0.199,-0.225,-0.254,-0.285,-0.320,-0.358,-0.400,-0.445,-0.495,-0.549,-0.607,-0.670,-0.739,-0.812,-0.891,-0.976,-1.066,-1.163,-1.266,-1.375,-1.491,-1.614,-1.743,-1.880,-2.024,-2.176,-2.335,-2.501,-2.676,-2.858,-3.049,-3.248,-3.456,
2.368,2.263,2.157,2.053,1.949,1.847,1.746,1.647,1.551,1.456,1.364,1.275,1.189,1.107,1.027,0.951,0.878,0.808,0.743,0.681,0.622,0.567,0.515,0.467,0.422,0.381,0.342,0.307,0.274,0.244,0.217,0.192,0.170,0.150,0.131,0.115,0.100,0.088,0.076,0.066,0.057,0.049,0.043,0.037,0.032,0.027,0.024,0.021,0.018,0.016,0.014,0.013,0.012,0.011,0.010,0.009,0.008,0.008,0.007,0.007,0.007,0.006,0.006,0.005,0.005,0.004,0.003,0.002,0.001,-0.000,-0.002,-0.004,-0.006,-0.008,-0.010,-0.013,-0.017,-0.021,-0.025,-0.030,-0.036,-0.042,-0.049,-0.058,-0.067,-0.077,-0.089,-0.102,-0.117,-0.133,-0.152,-0.172,-0.195,-0.220,-0.247,-0.278,-0.311,-0.348,-0.389,-0.433,-0.481,-0.533,-0.590,-0.651,-0.717,-0.788,-0.865,-0.947,-1.035,-1.128,-1.228,-1.334,-1.446,-1.565,-1.691,-1.823,-1.963,-2.110,-2.264,-2.425,-2.594,-2.771,-2.956,-3.149,-3.350,
2.400,2.293,2.186,2.080,1.975,1.872,1.770,1.669,1.571,1.475,1.382,1.292,1.205,1.121,1.040,0.963,0.889,0.818,0.752,0.689,0.629,0.573,0.521,0.472,0.427,0.384,0.345,0.309,0.276,0.246,0.219,0.194,0.171,0.150,0.132,0.115,0.101,0.088,0.076,0.066,0.057,0.049,0.043,0.037,0.032,0.028,0.024,0.021,0.019,0.016,0.015,0.013,0.012,0.011,0.010,0.010,0.009,0.009,0.009,0.008,0.008,0.007,0.007,0.006,0.006,0.005,0.004,0.003,0.002,0.001,-0.001,-0.003,-0.005,-0.007,-0.010,-0.013,-0.016,-0.020,-0.024,-0.029,-0.035,-0.041,-0.048,-0.056,-0.065,-0.076,-0.087,-0.100,-0.114,-0.130,-0.148,-0.168,-0.189,-0.214,-0.241,-0.270,-0.303,-0.338,-0.377,-0.420,-0.466,-0.517,-0.571,-0.631,-0.694,-0.763,-0.837,-0.916,-1.001,-1.091,-1.187,-1.289,-1.398,-1.513,-1.634,-1.762,-1.897,-2.038,-2.187,-2.343,-2.506,-2.677,-2.856,-3.042,-3.236,
2.432,2.324,2.215,2.108,2.002,1.896,1.793,1.691,1.592,1.495,1.400,1.309,1.220,1.135,1.053,0.974,0.900,0.828,0.761,0.697,0.636,0.580,0.527,0.477,0.431,0.388,0.348,0.312,0.279,0.248,0.220,0.195,0.172,0.151,0.132,0.116,0.101,0.088,0.076,0.066,0.057,0.049,0.043,0.037,0.032,0.028,0.024,0.021,0.019,0.017,0.015,0.014,0.013,0.012,0.011,0.011,0.010,0.010,0.010,0.009,0.009,0.009,0.008,0.008,0.007,0.006,0.005,0.004,0.003,0.002,0.000,-0.002,-0.004,-0.006,-0.009,-0.012,-0.015,-0.019,-0.023,-0.028,-0.034,-0.040,-0.047,-0.055,-0.064,-0.074,-0.085,-0.097,-0.111,-0.127,-0.144,-0.163,-0.184,-0.208,-0.233,-0.262,-0.293,-0.328,-0.365,-0.406,-0.451,-0.499,-0.552,-0.609,-0.670,-0.736,-0.807,-0.883,-0.964,-1.051,-1.144,-1.242,-1.346,-1.457,-1.573,-1.696,-1.826,-1.962,-2.105,-2.255,-2.412,-2.576,-2.748,-2.927,-3.114,
2.464,2.354,2.244,2.136,2.028,1.921,1.816,1.713,1.612,1.514,1.418,1.325,1.235,1.149,1.066,0.986,0.910,0.838,0.769,0.704,0.643,0.586,0.532,0.482,0.435,0.391,0.351,0.314,0.280,0.249,0.221,0.195,0.172,0.151,0.132,0.116,0.101,0.088,0.076,0.066,0.057,0.049,0.042,0.037,0.032,0.028,0.024,0.022,0.019,0.017,0.016,0.015,0.014,0.013,0.012,0.012,0.012,0.011,0.011,0.011,0.011,0.010,0.010,0.009,0.009,0.008,0.007,0.006,0.005,0.003,0.002,-0.000,-0.002,-0.005,-0.008,-0.011,-0.014,-0.018,-0.022,-0.027,-0.033,-0.039,-0.046,-0.054,-0.062,-0.072,-0.083,-0.095,-0.108,-0.123,-0.140,-0.158,-0.179,-0.201,-0.226,-0.253,-0.283,-0.316,-0.352,-0.391,-0.434,-0.481,-0.531,-0.585,-0.644,-0.707,-0.775,-0.848,-0.926,-1.009,-1.098,-1.192,-1.291,-1.397,-1.509,-1.626,-1.750,-1.881,-2.018,-2.161,-2.312,-2.469,-2.633,-2.805,-2.984,
2.496,2.385,2.273,2.163,2.054,1.946,1.839,1.735,1.632,1.532,1.435,1.341,1.250,1.163,1.078,0.998,0.920,0.847,0.778,0.712,0.650,0.591,0.537,0.486,0.438,0.394,0.354,0.316,0.282,0.250,0.222,0.196,0.172,0.151,0.132,0.115,0.100,0.087,0.075,0.065,0.056,0.049,0.042,0.036,0.032,0.028,0.024,0.022,0.020,0.018,0.017,0.016,0.015,0.014,0.014,0.013,0.013,0.013,0.013,0.013,0.012,0.012,0.012,0.011,0.011,0.010,0.009,0.008,0.006,0.005,0.003,0.001,-0.001,-0.003,-0.006,-0.009,-0.013,-0.017,-0.021,-0.026,-0.032,-0.038,-0.045,-0.053,-0.061,-0.070,-0.081,-0.093,-0.106,-0.120,-0.136,-0.154,-0.173,-0.195,-0.218,-0.245,-0.273,-0.305,-0.339,-0.376,-0.417,-0.461,-0.509,-0.561,-0.617,-0.677,-0.742,-0.811,-0.885,-0.964,-1.049,-1.138,-1.233,-1.334,-1.440,-1.553,-1.671,-1.795,-1.926,-2.062,-2.206,-2.356,-2.512,-2.676,-2.846,
2.528,2.415,2.302,2.190,2.080,1.970,1.862,1.756,1.652,1.551,1.453,1.357,1.265,1.176,1.091,1.009,0.931,0.856,0.786,0.719,0.656,0.597,0.541,0.490,0.442,0.397,0.356,0.318,0.283,0.251,0.222,0.196,0.172,0.151,0.132,0.115,0.100,0.086,0.075,0.064,0.056,0.048,0.042,0.036,0.031,0.028,0.025,0.022,0.020,0.019,0.017,0.016,0.016,0.015,0.015,0.015,0.015,0.015,0.015,0.015,0.014,0.014,0.014,0.013,0.013,0.012,0.011,0.010,0.008,0.007,0.005,0.003,0.001,-0.002,-0.005,-0.008,-0.012,-0.016,-0.020,-0.025,-0.031,-0.037,-0.044,-0.051,-0.060,-0.069,-0.079,-0.090,-0.103,-0.117,-0.132,-0.149,-0.168,-0.188,-0.211,-0.236,-0.263,-0.293,-0.325,-0.361,-0.399,-0.441,-0.487,-0.536,-0.589,-0.646,-0.707,-0.773,-0.843,-0.918,-0.998,-1.083,-1.173,-1.268,-1.369,-1.475,-1.587,-1.705,-1.829,-1.958,-2.094,-2.236,-2.385,-2.540,-2.701,
2.560,2.445,2.331,2.218,2.105,1.994,1.885,1.778,1.672,1.570,1.470,1.373,1.280,1.189,1.103,1.020,0.940,0.865,0.793,0.726,0.662,0.602,0.546,0.493,0.444,0.399,0.357,0.319,0.284,0.251,0.222,0.196,0.172,0.150,0.131,0.114,0.099,0.085,0.074,0.063,0.055,0.047,0.041,0.036,0.031,0.027,0.025,0.022,0.021,0.019,0.018,0.018,0.017,0.017,0.017,0.017,0.017,0.017,0.017,0.017,0.017,0.017,0.016,0.016,0.015,0.014,0.013,0.012,0.011,0.009,0.007,0.005,0.002,-0.000,-0.003,-0.007,-0.011,-0.015,-0.019,-0.024,-0.030,-0.036,-0.043,-0.050,-0.058,-0.067,-0.077,-0.088,-0.100,-0.113,-0.128,-0.144,-0.162,-0.181,-0.203,-0.226,-0.252,-0.280,-0.311,-0.344,-0.381,-0.420,-0.463,-0.509,-0.559,-0.613,-0.671,-0.732,-0.799,-0.869,-0.944,-1.024,-1.109,-1.199,-1.294,-1.394,-1.499,-1.610,-1.727,-1.849,-1.977,-2.111,-2.251,-2.397,-2.550,
2.592,2.476,2.360,2.245,2.131,2.019,1.908,1.799,1.692,1.588,1.487,1.389,1.294,1.203,1.115,1.030,0.950,0.873,0.801,0.732,0.667,0.606,0.549,0.496,0.447,0.401,0.359,0.320,0.284,0.251,0.222,0.195,0.171,0.149,0.130,0.112,0.097,0.084,0.072,0.062,0.053,0.046,0.040,0.035,0.031,0.027,0.025,0.023,0.021,0.020,0.019,0.019,0.019,0.019,0.019,0.019,0.019,0.019,0.020,0.020,0.020,0.020,0.019,0.019,0.018,0.017,0.016,0.015,0.013,0.011,0.009,0.007,0.004,0.002,-0.002,-0.005,-0.009,-0.013,-0.018,-0.023,-0.029,-0.035,-0.042,-0.049,-0.057,-0.066,-0.076,-0.086,-0.098,-0.110,-0.124,-0.140,-0.157,-0.175,-0.195,-0.217,-0.241,-0.268,-0.297,-0.328,-0.362,-0.399,-0.439,-0.482,-0.529,-0.579,-0.633,-0.691,-0.753,-0.819,-0.889,-0.964,-1.043,-1.127,-1.216,-1.310,-1.408,-1.512,-1.621,-1.736,-1.856,-1.981,-2.112,-2.249,-2.392,
2.624,2.506,2.389,2.272,2.157,2.043,1.930,1.820,1.712,1.607,1.504,1.404,1.308,1.215,1.126,1.041,0.959,0.881,0.808,0.738,0.672,0.611,0.553,0.499,0.449,0.402,0.359,0.320,0.284,0.251,0.221,0.193,0.169,0.147,0.128,0.110,0.095,0.082,0.070,0.060,0.052,0.045,0.039,0.034,0.030,0.027,0.025,0.023,0.022,0.021,0.020,0.020,0.020,0.021,0.021,0.022,0.022,0.022,0.023,0.023,0.023,0.023,0.023,0.022,0.021,0.021,0.019,0.018,0.016,0.014,0.012,0.010,0.007,0.004,0.000,-0.004,-0.008,-0.012,-0.017,-0.022,-0.028,-0.034,-0.041,-0.048,-0.056,-0.065,-0.074,-0.084,-0.095,-0.108,-0.121,-0.135,-0.151,-0.169,-0.188,-0.208,-0.231,-0.255,-0.282,-0.311,-0.343,-0.377,-0.414,-0.455,-0.498,-0.544,-0.594,-0.648,-0.705,-0.766,-0.832,-0.901,-0.975,-1.053,-1.135,-1.222,-1.314,-1.410,-1.512,-1.618,-1.729,-1.846,-1.968,-2.095,-2.228,
2.656,2.537,2.418,2.300,2.183,2.067,1.953,1.841,1.731,1.625,1.520,1.420,1.322,1.228,1.137,1.051,0.968,0.889,0.814,0.744,0.677,0.614,0.556,0.501,0.450,0.403,0.359,0.319,0.283,0.249,0.219,0.191,0.167,0.145,0.125,0.108,0.093,0.080,0.068,0.058,0.050,0.043,0.037,0.033,0.029,0.026,0.024,0.023,0.022,0.022,0.022,0.022,0.022,0.023,0.024,0.024,0.025,0.026,0.026,0.027,0.027,0.027,0.027,0.026,0.025,0.024,0.023,0.022,0.020,0.018,0.015,0.012,0.009,0.006,0.002,-0.002,-0.006,-0.011,-0.016,-0.021,-0.027,-0.033,-0.040,-0.047,-0.055,-0.064,-0.073,-0.083,-0.093,-0.105,-0.118,-0.131,-0.146,-0.162,-0.180,-0.199,-0.220,-0.243,-0.268,-0.295,-0.324,-0.355,-0.389,-0.426,-0.466,-0.509,-0.555,-0.604,-0.657,-0.713,-0.773,-0.837,-0.904,-0.976,-1.052,-1.132,-1.216,-1.305,-1.398,-1.496,-1.599,-1.706,-1.818,-1.935,-2.058,
2.688,2.567,2.447,2.327,2.208,2.091,1.975,1.862,1.751,1.642,1.537,1.434,1.335,1.240,1.148,1.060,0.976,0.896,0.820,0.748,0.681,0.617,0.558,0.502,0.450,0.403,0.358,0.318,0.281,0.247,0.216,0.189,0.164,0.142,0.122,0.105,0.090,0.077,0.065,0.056,0.048,0.041,0.036,0.031,0.028,0.026,0.024,0.023,0.023,0.023,0.023,0.024,0.025,0.026,0.027,0.028,0.029,0.029,0.030,0.031,0.031,0.031,0.031,0.031,0.030,0.029,0.027,0.026,0.024,0.021,0.019,0.016,0.012,0.009,0.005,0.000,-0.004,-0.009,-0.015,-0.020,-0.026,-0.033,-0.040,-0.047,-0.055,-0.063,-0.072,-0.082,-0.092,-0.103,-0.115,-0.128,-0.142,-0.157,-0.173,-0.191,-0.210,-0.231,-0.253,-0.278,-0.305,-0.333,-0.364,-0.398,-0.434,-0.473,-0.514,-0.559,-0.607,-0.658,-0.712,-0.770,-0.832,-0.897,-0.966,-1.039,-1.116,-1.197,-1.282,-1.371,-1.464,-1.562,-1.664,-1.771,-1.883,
2.720,2.597,2.475,2.354,2.234,2.115,1.997,1.882,1.770,1.660,1.553,1.449,1.348,1.252,1.158,1.069,0.984,0.903,0.826,0.753,0.684,0.619,0.559,0.503,0.450,0.402,0.357,0.316,0.278,0.244,0.213,0.185,0.160,0.138,0.118,0.101,0.086,0.073,0.062,0.053,0.045,0.039,0.034,0.030,0.027,0.025,0.024,0.023,0.024,0.024,0.025,0.026,0.027,0.029,0.030,0.031,0.033,0.034,0.035,0.036,0.036,0.036,0.036,0.036,0.035,0.034,0.032,0.030,0.028,0.026,0.023,0.019,0.016,0.012,0.007,0.003,-0.002,-0.008,-0.013,-0.019,-0.026,-0.032,-0.039,-0.047,-0.055,-0.063,-0.072,-0.081,-0.091,-0.101,-0.112,-0.125,-0.137,-0.151,-0.166,-0.183,-0.200,-0.219,-0.239,-0.262,-0.285,-0.311,-0.339,-0.369,-0.401,-0.436,-0.473,-0.513,-0.556,-0.602,-0.651,-0.703,-0.758,-0.816,-0.878,-0.944,-1.013,-1.086,-1.162,-1.242,-1.326,-1.414,-1.506,-1.603,-1.703,
2.752,2.628,2.504,2.381,2.259,2.138,2.019,1.903,1.789,1.677,1.568,1.463,1.361,1.263,1.168,1.078,0.991,0.909,0.830,0.756,0.686,0.621,0.559,0.502,0.449,0.400,0.354,0.313,0.275,0.240,0.209,0.181,0.156,0.133,0.114,0.096,0.082,0.069,0.058,0.049,0.042,0.036,0.031,0.028,0.026,0.024,0.024,0.024,0.024,0.025,0.027,0.028,0.030,0.032,0.034,0.036,0.037,0.039,0.040,0.041,0.042,0.042,0.042,0.042,0.041,0.040,0.038,0.036,0.033,0.031,0.027,0.024,0.020,0.015,0.010,0.005,-0.000,-0.006,-0.012,-0.018,-0.025,-0.032,-0.039,-0.047,-0.055,-0.063,-0.072,-0.081,-0.090,-0.100,-0.111,-0.122,-0.134,-0.147,-0.160,-0.175,-0.191,-0.208,-0.226,-0.245,-0.267,-0.289,-0.314,-0.340,-0.369,-0.399,-0.432,-0.467,-0.505,-0.545,-0.588,-0.634,-0.683,-0.734,-0.789,-0.847,-0.908,-0.972,-1.040,-1.111,-1.185,-1.263,-1.345,-1.430,-1.519,
2.784,2.658,2.533,2.408,2.284,2.162,2.041,1.923,1.807,1.694,1.584,1.477,1.373,1.273,1.177,1.085,0.997,0.914,0.834,0.759,0.688,0.621,0.559,0.501,0.447,0.397,0.351,0.309,0.270,0.235,0.204,0.175,0.150,0.128,0.108,0.091,0.076,0.064,0.053,0.045,0.038,0.032,0.028,0.026,0.024,0.023,0.023,0.024,0.025,0.027,0.029,0.031,0.034,0.036,0.038,0.041,0.043,0.045,0.046,0.047,0.048,0.049,0.049,0.048,0.048,0.046,0.044,0.042,0.039,0.036,0.032,0.028,0.024,0.019,0.014,0.008,0.002,-0.004,-0.011,-0.018,-0.025,-0.032,-0.039,-0.047,-0.055,-0.064,-0.072,-0.081,-0.090,-0.100,-0.110,-0.120,-0.131,-0.143,-0.155,-0.168,-0.182,-0.197,-0.213,-0.230,-0.248,-0.268,-0.289,-0.312,-0.336,-0.363,-0.391,-0.421,-0.453,-0.488,-0.525,-0.564,-0.606,-0.651,-0.698,-0.748,-0.801,-0.856,-0.915,-0.977,-1.041,-1.109,-1.180,-1.254,-1.331,
2.816,2.688,2.561,2.434,2.309,2.185,2.063,1.943,1.825,1.710,1.599,1.490,1.385,1.284,1.186,1.093,1.003,0.918,0.837,0.761,0.689,0.621,0.558,0.499,0.444,0.393,0.346,0.304,0.265,0.229,0.197,0.169,0.143,0.121,0.101,0.084,0.070,0.058,0.048,0.040,0.033,0.028,0.025,0.023,0.022,0.022,0.023,0.024,0.026,0.029,0.031,0.034,0.037,0.040,0.043,0.046,0.049,0.051,0.053,0.055,0.056,0.056,0.057,0.056,0.055,0.054,0.052,0.049,0.046,0.042,0.038,0.034,0.029,0.023,0.017,0.011,0.005,-0.002,-0.009,-0.017,-0.024,-0.032,-0.040,-0.048,-0.056,-0.065,-0.073,-0.082,-0.091,-0.100,-0.110,-0.119,-0.130,-0.140,-0.151,-0.162,-0.174,-0.187,-0.201,-0.215,-0.231,-0.247,-0.265,-0.284,-0.304,-0.326,-0.349,-0.374,-0.401,-0.430,-0.461,-0.494,-0.529,-0.566,-0.606,-0.648,-0.692,-0.739,-0.788,-0.840,-0.895,-0.952,-1.012,-1.075,-1.140,
2.848,2.719,2.589,2.461,2.334,2.208,2.084,1.962,1.843,1.726,1.613,1.503,1.396,1.293,1.194,1.099,1.008,0.922,0.839,0.762,0.688,0.620,0.555,0.495,0.439,0.388,0.340,0.297,0.257,0.222,0.190,0.161,0.135,0.113,0.094,0.077,0.063,0.051,0.041,0.034,0.028,0.024,0.021,0.020,0.019,0.020,0.022,0.024,0.027,0.030,0.034,0.038,0.042,0.046,0.049,0.053,0.056,0.059,0.061,0.063,0.064,0.065,0.065,0.065,0.064,0.062,0.060,0.057,0.054,0.050,0.045,0.040,0.034,0.028,0.022,0.015,0.007,-0.000,-0.008,-0.016,-0.024,-0.033,-0.041,-0.050,-0.058,-0.067,-0.076,-0.084,-0.093,-0.102,-0.111,-0.120,-0.129,-0.138,-0.148,-0.158,-0.168,-0.178,-0.190,-0.201,-0.214,-0.227,-0.241,-0.256,-0.272,-0.290,-0.308,-0.328,-0.349,-0.372,-0.397,-0.423,-0.451,-0.481,-0.513,-0.547,-0.582,-0.620,-0.660,-0.702,-0.746,-0.793,-0.842,-0.893,-0.946,
2.880,2.749,2.618,2.488,2.358,2.231,2.105,1.982,1.860,1.742,1.627,1.515,1.406,1.302,1.201,1.104,1.012,0.924,0.841,0.761,0.687,0.617,0.551,0.490,0.434,0.381,0.333,0.289,0.249,0.213,0.180,0.151,0.126,0.104,0.084,0.068,0.054,0.043,0.034,0.027,0.022,0.018,0.016,0.016,0.017,0.018,0.021,0.024,0.028,0.033,0.037,0.042,0.047,0.051,0.056,0.060,0.064,0.067,0.070,0.072,0.074,0.075,0.075,0.075,0.074,0.072,0.070,0.066,0.062,0.058,0.053,0.047,0.040,0.033,0.026,0.018,0.010,0.002,-0.007,-0.016,-0.024,-0.034,-0.043,-0.052,-0.061,-0.070,-0.079,-0.087,-0.096,-0.104,-0.113,-0.121,-0.129,-0.138,-0.146,-0.154,-0.162,-0.171,-0.180,-0.189,-0.198,-0.208,-0.218,-0.229,-0.241,-0.254,-0.267,-0.282,-0.298,-0.315,-0.333,-0.352,-0.373,-0.395,-0.419,-0.444,-0.471,-0.500,-0.530,-0.562,-0.596,-0.632,-0.669,-0.708,-0.750,
2.912,2.779,2.646,2.514,2.383,2.253,2.126,2.000,1.877,1.757,1.640,1.526,1.416,1.310,1.207,1.109,1.015,0.926,0.841,0.760,0.684,0.613,0.546,0.484,0.426,0.373,0.324,0.279,0.239,0.202,0.170,0.141,0.115,0.093,0.074,0.058,0.044,0.033,0.025,0.019,0.014,0.012,0.011,0.012,0.014,0.016,0.020,0.025,0.030,0.035,0.041,0.046,0.052,0.058,0.063,0.068,0.073,0.077,0.080,0.083,0.085,0.086,0.087,0.086,0.085,0.083,0.080,0.077,0.072,0.067,0.061,0.055,0.047,0.040,0.031,0.023,0.014,0.004,-0.005,-0.015,-0.025,-0.035,-0.045,-0.054,-0.064,-0.073,-0.082,-0.091,-0.100,-0.108,-0.116,-0.124,-0.131,-0.138,-0.145,-0.152,-0.158,-0.165,-0.171,-0.177,-0.184,-0.190,-0.197,-0.204,-0.211,-0.219,-0.228,-0.237,-0.247,-0.257,-0.269,-0.281,-0.295,-0.309,-0.325,-0.342,-0.360,-0.379,-0.400,-0.422,-0.445,-0.469,-0.495,-0.523,-0.551,
2.944,2.809,2.674,2.540,2.407,2.276,2.146,2.019,1.894,1.772,1.653,1.537,1.425,1.317,1.213,1.113,1.017,0.926,0.839,0.757,0.680,0.607,0.539,0.476,0.417,0.363,0.313,0.268,0.227,0.190,0.157,0.128,0.102,0.080,0.061,0.046,0.033,0.023,0.015,0.010,0.006,0.005,0.005,0.007,0.010,0.014,0.019,0.025,0.031,0.038,0.045,0.052,0.059,0.065,0.072,0.078,0.083,0.088,0.092,0.095,0.098,0.099,0.100,0.099,0.098,0.096,0.093,0.088,0.083,0.078,0.071,0.063,0.055,0.046,0.037,0.027,0.017,0.007,-0.004,-0.015,-0.026,-0.037,-0.047,-0.058,-0.068,-0.078,-0.088,-0.097,-0.105,-0.114,-0.121,-0.128,-0.135,-0.141,-0.147,-0.152,-0.156,-0.160,-0.164,-0.167,-0.171,-0.174,-0.177,-0.179,-0.182,-0.185,-0.189,-0.192,-0.196,-0.201,-0.205,-0.211,-0.217,-0.224,-0.231,-0.239,-0.248,-0.258,-0.269,-0.280,-0.293,-0.306,-0.320,-0.335,-0.351,
2.976,2.839,2.702,2.566,2.431,2.298,2.166,2.037,1.910,1.786,1.665,1.547,1.433,1.323,1.217,1.115,1.018,0.925,0.837,0.753,0.674,0.600,0.531,0.466,0.406,0.351,0.301,0.255,0.213,0.176,0.142,0.113,0.088,0.066,0.047,0.032,0.020,0.010,0.003,-0.001,-0.003,-0.003,-0.002,0.001,0.006,0.011,0.018,0.025,0.033,0.041,0.049,0.058,0.066,0.074,0.081,0.088,0.095,0.100,0.105,0.109,0.112,0.114,0.114,0.114,0.113,0.110,0.106,0.102,0.096,0.089,0.082,0.073,0.064,0.054,0.044,0.033,0.021,0.009,-0.003,-0.015,-0.027,-0.039,-0.051,-0.062,-0.073,-0.084,-0.094,-0.104,-0.112,-0.121,-0.128,-0.135,-0.140,-0.146,-0.150,-0.153,-0.156,-0.158,-0.159,-0.160,-0.160,-0.159,-0.158,-0.157,-0.155,-0.153,-0.151,-0.149,-0.147,-0.145,-0.143,-0.141,-0.139,-0.138,-0.137,-0.137,-0.137,-0.137,-0.138,-0.139,-0.140,-0.142,-0.145,-0.148,-0.151,
3.008,2.869,2.730,2.592,2.455,2.320,2.186,2.055,1.926,1.799,1.676,1.557,1.441,1.328,1.220,1.117,1.017,0.922,0.832,0.747,0.666,0.591,0.520,0.454,0.393,0.337,0.286,0.239,0.197,0.159,0.126,0.096,0.071,0.049,0.031,0.016,0.005,-0.004,-0.010,-0.013,-0.014,-0.013,-0.010,-0.005,0.001,0.008,0.016,0.025,0.034,0.044,0.054,0.064,0.074,0.083,0.092,0.100,0.108,0.114,0.120,0.124,0.128,0.130,0.131,0.130,0.129,0.126,0.122,0.117,0.110,0.103,0.094,0.084,0.074,0.063,0.051,0.038,0.025,0.012,-0.001,-0.015,-0.028,-0.042,-0.055,-0.067,-0.080,-0.091,-0.102,-0.112,-0.121,-0.129,-0.137,-0.143,-0.148,-0.152,-0.155,-0.157,-0.158,-0.157,-0.156,-0.154,-0.151,-0.146,-0.142,-0.136,-0.129,-0.123,-0.115,-0.107,-0.099,-0.090,-0.081,-0.072,-0.063,-0.053,-0.044,-0.035,-0.025,-0.016,-0.006,0.003,0.012,0.022,0.031,0.041,0.050,
3.040,2.899,2.758,2.618,2.479,2.341,2.205,2.072,1.941,1.812,1.687,1.565,1.447,1.333,1.223,1.117,1.015,0.918,0.826,0.739,0.657,0.580,0.508,0.440,0.378,0.321,0.269,0.221,0.178,0.140,0.106,0.077,0.051,0.030,0.013,-0.002,-0.012,-0.020,-0.024,-0.026,-0.026,-0.023,-0.019,-0.012,-0.005,0.004,0.014,0.025,0.036,0.048,0.060,0.072,0.083,0.094,0.104,0.114,0.122,0.130,0.137,0.142,0.146,0.148,0.149,0.149,0.147,0.144,0.140,0.134,0.126,0.118,0.108,0.097,0.085,0.072,0.059,0.045,0.030,0.015,-0.000,-0.015,-0.030,-0.045,-0.060,-0.074,-0.087,-0.100,-0.111,-0.122,-0.132,-0.140,-0.148,-0.153,-0.158,-0.161,-0.163,-0.163,-0.162,-0.160,-0.156,-0.151,-0.144,-0.136,-0.127,-0.117,-0.106,-0.094,-0.081,-0.067,-0.052,-0.037,-0.021,-0.004,0.013,0.030,0.048,0.067,0.085,0.105,0.124,0.144,0.164,0.185,0.207,0.229,0.251,
3.072,2.929,2.785,2.643,2.502,2.362,2.224,2.088,1.955,1.824,1.697,1.573,1.452,1.336,1.223,1.115,1.012,0.913,0.819,0.730,0.646,0.567,0.493,0.424,0.360,0.302,0.249,0.200,0.157,0.118,0.084,0.055,0.030,0.009,-0.008,-0.022,-0.031,-0.038,-0.041,-0.042,-0.040,-0.035,-0.029,-0.021,-0.011,0.000,0.012,0.025,0.039,0.052,0.066,0.080,0.093,0.106,0.118,0.129,0.139,0.148,0.155,0.161,0.166,0.169,0.170,0.170,0.168,0.165,0.159,0.152,0.144,0.134,0.123,0.111,0.098,0.083,0.068,0.052,0.035,0.018,0.001,-0.016,-0.033,-0.050,-0.066,-0.081,-0.096,-0.110,-0.123,-0.134,-0.145,-0.153,-0.161,-0.166,-0.171,-0.173,-0.173,-0.172,-0.169,-0.165,-0.158,-0.150,-0.140,-0.129,-0.115,-0.101,-0.085,-0.067,-0.049,-0.029,-0.008,0.014,0.038,0.062,0.087,0.113,0.139,0.167,0.195,0.224,0.254,0.284,0.316,0.348,0.382,0.416,0.451,
3.104,2.958,2.813,2.668,2.525,2.383,2.243,2.104,1.969,1.836,1.706,1.579,1.457,1.338,1.223,1.112,1.006,0.905,0.809,0.718,0.632,0.551,0.475,0.405,0.340,0.280,0.226,0.177,0.132,0.093,0.059,0.030,0.005,-0.016,-0.032,-0.045,-0.053,-0.058,-0.060,-0.059,-0.055,-0.049,-0.040,-0.030,-0.018,-0.004,0.010,0.025,0.041,0.057,0.073,0.089,0.105,0.119,0.133,0.146,0.158,0.168,0.177,0.184,0.189,0.192,0.194,0.194,0.191,0.187,0.182,0.174,0.164,0.153,0.141,0.127,0.111,0.095,0.078,0.060,0.041,0.022,0.003,-0.017,-0.036,-0.055,-0.073,-0.090,-0.107,-0.122,-0.136,-0.149,-0.160,-0.169,-0.177,-0.182,-0.186,-0.188,-0.187,-0.184,-0.180,-0.173,-0.164,-0.152,-0.139,-0.124,-0.106,-0.087,-0.066,-0.043,-0.019,0.007,0.035,0.064,0.094,0.126,0.159,0.193,0.229,0.265,0.303,0.342,0.382,0.423,0.466,0.510,0.555,0.602,0.651,
3.136,2.988,2.840,2.694,2.548,2.403,2.261,2.120,1.982,1.846,1.714,1.585,1.460,1.338,1.221,1.108,0.999,0.896,0.797,0.704,0.615,0.533,0.455,0.383,0.316,0.255,0.200,0.150,0.105,0.065,0.031,0.001,-0.023,-0.043,-0.059,-0.070,-0.078,-0.081,-0.082,-0.079,-0.073,-0.064,-0.053,-0.040,-0.026,-0.010,0.008,0.026,0.044,0.063,0.081,0.100,0.118,0.135,0.151,0.165,0.179,0.190,0.200,0.208,0.214,0.218,0.220,0.220,0.218,0.213,0.206,0.198,0.187,0.174,0.160,0.144,0.127,0.109,0.089,0.068,0.047,0.026,0.004,-0.018,-0.040,-0.061,-0.081,-0.101,-0.119,-0.136,-0.152,-0.166,-0.178,-0.188,-0.196,-0.201,-0.205,-0.206,-0.204,-0.200,-0.193,-0.184,-0.172,-0.158,-0.141,-0.122,-0.101,-0.077,-0.051,-0.022,0.008,0.040,0.075,0.111,0.149,0.188,0.229,0.272,0.316,0.362,0.409,0.458,0.509,0.561,0.615,0.670,0.727,0.787,0.848,
3.168,3.018,2.868,2.718,2.570,2.423,2.278,2.135,1.994,1.856,1.721,1.590,1.461,1.337,1.217,1.102,0.990,0.884,0.783,0.687,0.597,0.511,0.432,0.358,0.290,0.227,0.170,0.119,0.073,0.033,-0.001,-0.031,-0.055,-0.075,-0.089,-0.099,-0.105,-0.107,-0.106,-0.101,-0.092,-0.081,-0.068,-0.052,-0.035,-0.016,0.005,0.026,0.047,0.069,0.090,0.112,0.132,0.152,0.170,0.187,0.202,0.215,0.227,0.236,0.243,0.248,0.250,0.250,0.247,0.242,0.234,0.224,0.212,0.198,0.182,0.164,0.144,0.123,0.101,0.078,0.054,0.030,0.005,-0.020,-0.044,-0.068,-0.091,-0.113,-0.133,-0.152,-0.170,-0.185,-0.198,-0.209,-0.218,-0.224,-0.227,-0.227,-0.225,-0.219,-0.211,-0.200,-0.185,-0.168,-0.147,-0.124,-0.098,-0.070,-0.038,-0.004,0.032,0.071,0.112,0.155,0.201,0.248,0.297,0.349,0.402,0.457,0.514,0.573,0.634,0.696,0.761,0.828,0.898,0.969,1.043,
3.200,3.047,2.895,2.743,2.592,2.443,2.295,2.150,2.006,1.865,1.728,1.593,1.462,1.335,1.212,1.093,0.979,0.870,0.766,0.668,0.575,0.487,0.405,0.329,0.259,0.195,0.137,0.085,0.038,-0.002,-0.037,-0.067,-0.091,-0.109,-0.123,-0.132,-0.136,-0.137,-0.133,-0.125,-0.114,-0.101,-0.084,-0.065,-0.045,-0.022,0.001,0.026,0.051,0.076,0.101,0.125,0.148,0.171,0.192,0.211,0.228,0.244,0.257,0.267,0.275,0.281,0.283,0.283,0.280,0.274,0.266,0.254,0.241,0.225,0.206,0.186,0.164,0.140,0.115,0.089,0.062,0.034,0.006,-0.021,-0.049,-0.076,-0.102,-0.126,-0.150,-0.171,-0.191,-0.208,-0.223,-0.235,-0.244,-0.250,-0.253,-0.253,-0.250,-0.243,-0.233,-0.219,-0.202,-0.182,-0.158,-0.130,-0.100,-0.066,-0.029,0.010,0.053,0.098,0.146,0.197,0.250,0.305,0.363,0.423,0.485,0.549,0.616,0.685,0.756,0.830,0.905,0.984,1.065,1.149,1.236,
3.232,3.077,2.922,2.768,2.614,2.462,2.312,2.164,2.017,1.874,1.733,1.595,1.461,1.331,1.205,1.083,0.966,0.854,0.747,0.646,0.550,0.460,0.375,0.297,0.225,0.159,0.099,0.046,-0.001,-0.043,-0.078,-0.107,-0.131,-0.149,-0.161,-0.169,-0.171,-0.169,-0.163,-0.153,-0.139,-0.122,-0.102,-0.080,-0.056,-0.030,-0.002,0.026,0.054,0.083,0.112,0.140,0.166,0.192,0.216,0.238,0.258,0.275,0.290,0.302,0.311,0.317,0.320,0.320,0.317,0.310,0.300,0.288,0.272,0.254,0.234,0.211,0.186,0.159,0.130,0.101,0.070,0.039,0.008,-0.024,-0.055,-0.085,-0.114,-0.142,-0.168,-0.192,-0.214,-0.234,-0.250,-0.264,-0.274,-0.281,-0.284,-0.284,-0.279,-0.271,-0.259,-0.243,-0.224,-0.200,-0.172,-0.141,-0.106,-0.067,-0.025,0.021,0.070,0.122,0.177,0.235,0.296,0.359,0.425,0.494,0.565,0.639,0.716,0.794,0.876,0.960,1.047,1.137,1.230,1.326,1.426,
3.264,3.106,2.949,2.792,2.636,2.482,2.328,2.177,2.028,1.881,1.737,1.597,1.459,1.326,1.196,1.071,0.951,0.835,0.725,0.620,0.521,0.428,0.341,0.261,0.186,0.119,0.057,0.002,-0.046,-0.088,-0.123,-0.152,-0.175,-0.192,-0.204,-0.209,-0.210,-0.206,-0.197,-0.184,-0.167,-0.146,-0.123,-0.096,-0.068,-0.038,-0.006,0.026,0.059,0.092,0.124,0.156,0.187,0.216,0.243,0.268,0.291,0.310,0.327,0.341,0.351,0.358,0.361,0.361,0.357,0.350,0.339,0.325,0.308,0.287,0.264,0.238,0.210,0.179,0.147,0.114,0.079,0.044,0.009,-0.027,-0.062,-0.096,-0.129,-0.160,-0.190,-0.217,-0.241,-0.263,-0.282,-0.297,-0.308,-0.316,-0.319,-0.319,-0.314,-0.305,-0.291,-0.273,-0.250,-0.223,-0.192,-0.156,-0.116,-0.072,-0.024,0.027,0.083,0.142,0.204,0.270,0.338,0.410,0.485,0.562,0.643,0.726,0.812,0.901,0.993,1.088,1.185,1.287,1.391,1.500,1.612,
3.296,3.136,2.976,2.816,2.658,2.500,2.344,2.190,2.038,1.888,1.741,1.597,1.456,1.319,1.185,1.057,0.933,0.814,0.700,0.592,0.489,0.393,0.303,0.220,0.143,0.073,0.010,-0.046,-0.096,-0.138,-0.174,-0.203,-0.225,-0.241,-0.251,-0.255,-0.253,-0.246,-0.234,-0.218,-0.197,-0.173,-0.145,-0.115,-0.082,-0.047,-0.011,0.026,0.064,0.101,0.138,0.174,0.209,0.242,0.273,0.302,0.327,0.350,0.369,0.384,0.396,0.404,0.408,0.407,0.403,0.395,0.383,0.367,0.347,0.324,0.298,0.268,0.237,0.202,0.166,0.129,0.090,0.050,0.010,-0.030,-0.069,-0.108,-0.145,-0.181,-0.214,-0.244,-0.272,-0.297,-0.318,-0.335,-0.348,-0.356,-0.360,-0.359,-0.354,-0.344,-0.328,-0.308,-0.282,-0.252,-0.217,-0.176,-0.132,-0.082,-0.029,0.029,0.091,0.157,0.227,0.301,0.377,0.458,0.541,0.628,0.717,0.810,0.906,1.004,1.106,1.212,1.321,1.433,1.549,1.669,1.794,
3.328,3.165,3.003,2.841,2.679,2.519,2.360,2.203,2.047,1.894,1.743,1.595,1.451,1.310,1.173,1.040,0.912,0.789,0.671,0.559,0.453,0.354,0.261,0.174,0.095,0.022,-0.043,-0.100,-0.151,-0.194,-0.230,-0.259,-0.281,-0.295,-0.304,-0.306,-0.302,-0.292,-0.276,-0.256,-0.232,-0.203,-0.171,-0.135,-0.098,-0.058,-0.016,0.026,0.069,0.112,0.154,0.195,0.234,0.272,0.307,0.339,0.368,0.393,0.415,0.432,0.446,0.454,0.459,0.459,0.454,0.445,0.431,0.413,0.391,0.365,0.335,0.302,0.266,0.228,0.187,0.145,0.101,0.056,0.011,-0.034,-0.078,-0.122,-0.164,-0.204,-0.241,-0.276,-0.307,-0.335,-0.358,-0.378,-0.392,-0.402,-0.407,-0.406,-0.400,-0.388,-0.371,-0.349,-0.320,-0.287,-0.247,-0.203,-0.153,-0.098,-0.038,0.026,0.095,0.169,0.246,0.328,0.413,0.501,0.594,0.689,0.788,0.890,0.996,1.105,1.217,1.332,1.452,1.575,1.703,1.834,1.971,
3.360,3.195,3.030,2.865,2.701,2.538,2.376,2.215,2.056,1.899,1.745,1.593,1.444,1.299,1.158,1.021,0.888,0.761,0.639,0.523,0.413,0.310,0.213,0.123,0.041,-0.034,-0.101,-0.161,-0.213,-0.257,-0.293,-0.321,-0.342,-0.356,-0.362,-0.362,-0.355,-0.342,-0.323,-0.299,-0.270,-0.236,-0.199,-0.158,-0.115,-0.069,-0.022,0.026,0.075,0.123,0.171,0.218,0.262,0.305,0.344,0.380,0.413,0.442,0.466,0.486,0.501,0.511,0.516,0.516,0.510,0.500,0.485,0.464,0.440,0.410,0.377,0.340,0.300,0.256,0.211,0.163,0.113,0.063,0.012,-0.038,-0.088,-0.137,-0.185,-0.230,-0.272,-0.311,-0.346,-0.377,-0.404,-0.426,-0.443,-0.454,-0.459,-0.459,-0.453,-0.440,-0.421,-0.396,-0.365,-0.328,-0.284,-0.235,-0.180,-0.119,-0.053,0.018,0.094,0.175,0.261,0.350,0.444,0.541,0.642,0.747,0.856,0.967,1.082,1.201,1.323,1.449,1.579,1.713,1.852,1.995,2.143,
3.392,3.224,3.056,2.889,2.722,2.556,2.391,2.227,2.065,1.904,1.746,1.590,1.437,1.287,1.141,0.999,0.862,0.730,0.603,0.483,0.368,0.261,0.160,0.067,-0.019,-0.097,-0.166,-0.228,-0.281,-0.326,-0.362,-0.391,-0.411,-0.423,-0.428,-0.425,-0.415,-0.398,-0.375,-0.346,-0.312,-0.273,-0.230,-0.183,-0.134,-0.082,-0.028,0.027,0.082,0.136,0.190,0.243,0.293,0.341,0.386,0.427,0.463,0.496,0.523,0.546,0.562,0.574,0.579,0.579,0.573,0.562,0.544,0.522,0.494,0.461,0.424,0.382,0.336,0.288,0.236,0.183,0.127,0.071,0.013,-0.044,-0.100,-0.155,-0.208,-0.259,-0.306,-0.350,-0.390,-0.425,-0.456,-0.481,-0.500,-0.513,-0.519,-0.519,-0.513,-0.499,-0.479,-0.451,-0.417,-0.376,-0.328,-0.274,-0.213,-0.146,-0.074,0.004,0.088,0.177,0.270,0.368,0.471,0.577,0.687,0.802,0.919,1.041,1.165,1.294,1.426,1.562,1.702,1.847,1.996,2.151,2.310,
3.424,3.254,3.083,2.914,2.744,2.575,2.407,2.239,2.073,1.908,1.746,1.585,1.428,1.273,1.122,0.975,0.833,0.695,0.564,0.438,0.319,0.206,0.101,0.004,-0.085,-0.166,-0.238,-0.302,-0.357,-0.403,-0.440,-0.468,-0.487,-0.498,-0.500,-0.494,-0.481,-0.460,-0.433,-0.399,-0.359,-0.314,-0.265,-0.212,-0.155,-0.096,-0.035,0.027,0.089,0.151,0.212,0.271,0.328,0.382,0.432,0.478,0.519,0.556,0.587,0.612,0.631,0.644,0.650,0.650,0.643,0.630,0.611,0.585,0.554,0.517,0.475,0.428,0.377,0.323,0.265,0.205,0.142,0.079,0.015,-0.049,-0.113,-0.175,-0.234,-0.291,-0.345,-0.394,-0.439,-0.479,-0.514,-0.542,-0.564,-0.579,-0.587,-0.587,-0.580,-0.566,-0.544,-0.514,-0.477,-0.432,-0.379,-0.320,-0.254,-0.180,-0.101,-0.015,0.076,0.173,0.275,0.382,0.493,0.609,0.728,0.852,0.979,1.110,1.245,1.383,1.525,1.671,1.821,1.976,2.136,2.301,2.471,
3.456,3.283,3.111,2.938,2.766,2.594,2.422,2.251,2.081,1.913,1.745,1.580,1.417,1.257,1.101,0.948,0.800,0.657,0.520,0.389,0.264,0.146,0.037,-0.065,-0.158,-0.243,-0.318,-0.384,-0.441,-0.488,-0.525,-0.553,-0.571,-0.580,-0.580,-0.571,-0.554,-0.529,-0.496,-0.457,-0.411,-0.360,-0.303,-0.243,-0.179,-0.112,-0.043,0.027,0.097,0.167,0.236,0.302,0.366,0.427,0.483,0.535,0.581,0.622,0.657,0.685,0.707,0.721,0.728,0.728,0.720,0.706,0.684,0.656,0.621,0.579,0.532,0.480,0.423,0.361,0.297,0.229,0.159,0.088,0.016,-0.056,-0.127,-0.197,-0.264,-0.328,-0.388,-0.444,-0.494,-0.539,-0.578,-0.610,-0.635,-0.653,-0.662,-0.664,-0.657,-0.641,-0.618,-0.585,-0.545,-0.496,-0.439,-0.374,-0.301,-0.222,-0.135,-0.042,0.058,0.163,0.274,0.390,0.511,0.636,0.765,0.898,1.035,1.176,1.320,1.468,1.620,1.775,1.935,2.100,2.270,2.445,2.626,
3.488,3.313,3.138,2.963,2.788,2.613,2.438,2.264,2.090,1.917,1.745,1.574,1.406,1.240,1.078,0.919,0.765,0.615,0.472,0.334,0.204,0.080,-0.035,-0.141,-0.239,-0.328,-0.406,-0.475,-0.534,-0.582,-0.620,-0.647,-0.665,-0.672,-0.669,-0.657,-0.635,-0.605,-0.567,-0.521,-0.469,-0.410,-0.346,-0.277,-0.205,-0.129,-0.052,0.027,0.106,0.185,0.262,0.337,0.408,0.476,0.540,0.598,0.650,0.696,0.735,0.767,0.791,0.807,0.815,0.815,0.806,0.790,0.766,0.734,0.694,0.648,0.595,0.537,0.473,0.404,0.332,0.256,0.177,0.098,0.017,-0.064,-0.143,-0.221,-0.296,-0.368,-0.436,-0.499,-0.556,-0.607,-0.651,-0.687,-0.715,-0.735,-0.747,-0.749,-0.742,-0.726,-0.701,-0.666,-0.622,-0.569,-0.507,-0.436,-0.357,-0.270,-0.176,-0.075,0.034,0.148,0.268,0.394,0.524,0.659,0.798,0.941,1.088,1.238,1.392,1.549,1.710,1.875,2.045,2.219,2.398,2.583,2.775,
3.520,3.343,3.166,2.989,2.811,2.633,2.455,2.277,2.099,1.921,1.744,1.568,1.394,1.222,1.053,0.887,0.726,0.569,0.419,0.274,0.137,0.008,-0.113,-0.226,-0.328,-0.421,-0.504,-0.575,-0.636,-0.686,-0.724,-0.752,-0.768,-0.773,-0.767,-0.751,-0.725,-0.690,-0.645,-0.593,-0.533,-0.466,-0.393,-0.315,-0.233,-0.148,-0.061,0.028,0.116,0.205,0.291,0.375,0.456,0.532,0.603,0.668,0.726,0.778,0.821,0.857,0.884,0.902,0.911,0.911,0.901,0.883,0.856,0.820,0.776,0.724,0.666,0.600,0.528,0.452,0.370,0.285,0.198,0.108,0.018,-0.072,-0.161,-0.249,-0.333,-0.414,-0.490,-0.560,-0.624,-0.681,-0.731,-0.772,-0.805,-0.828,-0.841,-0.845,-0.838,-0.822,-0.794,-0.757,-0.709,-0.652,-0.584,-0.508,-0.422,-0.327,-0.225,-0.115,0.003,0.126,0.256,0.392,0.532,0.677,0.826,0.980,1.136,1.296,1.460,1.627,1.797,1.971,2.150,2.333,2.521,2.715,2.916,
3.552,3.373,3.195,3.015,2.836,2.655,2.473,2.291,2.109,1.926,1.743,1.561,1.381,1.202,1.026,0.852,0.684,0.519,0.361,0.209,0.065,-0.072,-0.200,-0.318,-0.427,-0.524,-0.611,-0.686,-0.749,-0.801,-0.840,-0.867,-0.881,-0.884,-0.875,-0.855,-0.824,-0.783,-0.732,-0.672,-0.603,-0.527,-0.445,-0.357,-0.265,-0.169,-0.071,0.028,0.128,0.227,0.323,0.418,0.508,0.593,0.672,0.745,0.811,0.868,0.917,0.957,0.987,1.007,1.017,1.017,1.007,0.986,0.956,0.916,0.867,0.809,0.743,0.670,0.590,0.504,0.413,0.318,0.220,0.120,0.019,-0.081,-0.181,-0.279,-0.373,-0.464,-0.549,-0.628,-0.700,-0.765,-0.820,-0.867,-0.904,-0.931,-0.947,-0.952,-0.946,-0.928,-0.899,-0.859,-0.808,-0.745,-0.672,-0.589,-0.496,-0.393,-0.282,-0.163,-0.036,0.098,0.239,0.385,0.536,0.691,0.851,1.014,1.181,1.351,1.524,1.700,1.880,2.063,2.250,2.441,2.638,2.840,3.050,
3.584,3.404,3.224,3.043,2.861,2.678,2.493,2.307,2.120,1.932,1.744,1.555,1.367,1.181,0.997,0.815,0.638,0.465,0.298,0.138,-0.015,-0.159,-0.295,-0.420,-0.534,-0.638,-0.729,-0.808,-0.874,-0.927,-0.967,-0.994,-1.007,-1.008,-0.995,-0.970,-0.934,-0.886,-0.827,-0.759,-0.681,-0.595,-0.503,-0.404,-0.300,-0.193,-0.083,0.029,0.140,0.251,0.359,0.464,0.565,0.661,0.749,0.831,0.904,0.968,1.023,1.067,1.101,1.123,1.135,1.134,1.123,1.100,1.066,1.022,0.967,0.903,0.829,0.747,0.658,0.562,0.461,0.355,0.245,0.134,0.021,-0.092,-0.204,-0.313,-0.419,-0.520,-0.615,-0.704,-0.785,-0.857,-0.920,-0.973,-1.015,-1.045,-1.064,-1.071,-1.065,-1.047,-1.016,-0.973,-0.917,-0.850,-0.771,-0.680,-0.579,-0.468,-0.348,-0.218,-0.081,0.064,0.215,0.372,0.534,0.701,0.872,1.046,1.223,1.403,1.586,1.771,1.959,2.150,2.345,2.545,2.749,2.959,3.176,
3.616,3.436,3.255,3.072,2.889,2.703,2.515,2.325,2.133,1.940,1.745,1.549,1.354,1.159,0.966,0.776,0.589,0.407,0.230,0.060,-0.101,-0.255,-0.398,-0.531,-0.653,-0.762,-0.858,-0.942,-1.011,-1.066,-1.107,-1.134,-1.146,-1.143,-1.127,-1.097,-1.055,-0.999,-0.932,-0.855,-0.767,-0.671,-0.566,-0.455,-0.339,-0.219,-0.095,0.029,0.154,0.278,0.399,0.516,0.629,0.735,0.835,0.926,1.007,1.079,1.140,1.189,1.227,1.252,1.265,1.265,1.252,1.226,1.189,1.139,1.078,1.006,0.924,0.833,0.733,0.626,0.513,0.395,0.273,0.148,0.022,-0.104,-0.228,-0.350,-0.468,-0.581,-0.688,-0.787,-0.878,-0.959,-1.030,-1.090,-1.137,-1.172,-1.194,-1.203,-1.198,-1.179,-1.146,-1.100,-1.040,-0.967,-0.881,-0.783,-0.674,-0.553,-0.423,-0.283,-0.134,0.022,0.185,0.354,0.528,0.707,0.889,1.074,1.262,1.452,1.645,1.839,2.035,2.235,2.437,2.643,2.854,3.070,3.294,
3.648,3.468,3.286,3.104,2.919,2.731,2.540,2.346,2.149,1.950,1.748,1.545,1.341,1.137,0.934,0.734,0.536,0.344,0.157,-0.024,-0.196,-0.359,-0.512,-0.653,-0.782,-0.899,-1.001,-1.089,-1.162,-1.220,-1.262,-1.288,-1.298,-1.293,-1.273,-1.238,-1.188,-1.125,-1.049,-0.961,-0.862,-0.753,-0.636,-0.512,-0.382,-0.247,-0.109,0.030,0.169,0.308,0.443,0.574,0.700,0.818,0.929,1.030,1.121,1.201,1.269,1.324,1.366,1.394,1.408,1.408,1.394,1.366,1.324,1.269,1.200,1.120,1.029,0.927,0.816,0.697,0.571,0.439,0.303,0.164,0.024,-0.117,-0.256,-0.392,-0.524,-0.650,-0.769,-0.880,-0.982,-1.073,-1.152,-1.219,-1.273,-1.313,-1.339,-1.349,-1.345,-1.326,-1.291,-1.241,-1.176,-1.097,-1.005,-0.898,-0.780,-0.649,-0.507,-0.356,-0.195,-0.027,0.149,0.331,0.517,0.708,0.903,1.100,1.299,1.499,1.701,1.904,2.109,2.315,2.524,2.736,2.953,3.175,3.404,
3.680,3.501,3.320,3.137,2.952,2.762,2.569,2.371,2.169,1.963,1.754,1.542,1.329,1.115,0.902,0.690,0.481,0.276,0.077,-0.115,-0.298,-0.472,-0.635,-0.787,-0.925,-1.048,-1.157,-1.251,-1.328,-1.388,-1.432,-1.458,-1.467,-1.458,-1.433,-1.392,-1.335,-1.263,-1.177,-1.078,-0.967,-0.845,-0.714,-0.575,-0.429,-0.278,-0.125,0.031,0.186,0.341,0.491,0.638,0.778,0.910,1.033,1.146,1.248,1.337,1.412,1.474,1.520,1.552,1.567,1.567,1.552,1.520,1.473,1.412,1.336,1.247,1.145,1.032,0.908,0.775,0.635,0.488,0.337,0.182,0.025,-0.131,-0.286,-0.438,-0.585,-0.726,-0.859,-0.983,-1.096,-1.198,-1.287,-1.363,-1.423,-1.469,-1.498,-1.512,-1.508,-1.488,-1.451,-1.398,-1.328,-1.243,-1.142,-1.027,-0.898,-0.756,-0.603,-0.439,-0.265,-0.083,0.107,0.302,0.502,0.707,0.914,1.123,1.334,1.545,1.757,1.969,2.181,2.394,2.608,2.825,3.046,3.272,3.505,
3.712,3.535,3.356,3.175,2.989,2.798,2.602,2.401,2.193,1.981,1.764,1.543,1.319,1.094,0.868,0.644,0.422,0.204,-0.008,-0.213,-0.410,-0.596,-0.771,-0.932,-1.080,-1.213,-1.329,-1.429,-1.510,-1.574,-1.619,-1.645,-1.652,-1.640,-1.610,-1.562,-1.497,-1.415,-1.318,-1.207,-1.082,-0.946,-0.799,-0.643,-0.481,-0.313,-0.141,0.032,0.205,0.377,0.545,0.708,0.864,1.011,1.148,1.274,1.387,1.486,1.570,1.639,1.691,1.726,1.743,1.743,1.725,1.690,1.638,1.570,1.485,1.386,1.273,1.147,1.009,0.862,0.705,0.542,0.374,0.201,0.027,-0.147,-0.320,-0.489,-0.653,-0.810,-0.958,-1.096,-1.223,-1.337,-1.437,-1.521,-1.590,-1.641,-1.675,-1.691,-1.689,-1.668,-1.629,-1.571,-1.496,-1.403,-1.294,-1.169,-1.029,-0.875,-0.709,-0.531,-0.343,-0.146,0.058,0.268,0.483,0.702,0.923,1.145,1.368,1.590,1.812,2.032,2.252,2.471,2.690,2.911,3.134,3.363,3.598,
3.744,3.571,3.395,3.216,3.032,2.841,2.642,2.437,2.224,2.004,1.778,1.546,1.311,1.073,0.834,0.596,0.359,0.127,-0.100,-0.320,-0.530,-0.730,-0.918,-1.092,-1.251,-1.393,-1.518,-1.624,-1.711,-1.778,-1.824,-1.850,-1.856,-1.840,-1.805,-1.750,-1.676,-1.584,-1.474,-1.349,-1.209,-1.057,-0.893,-0.719,-0.538,-0.351,-0.160,0.033,0.226,0.417,0.604,0.786,0.959,1.123,1.276,1.415,1.541,1.651,1.745,1.821,1.879,1.918,1.937,1.937,1.917,1.879,1.821,1.745,1.651,1.540,1.414,1.274,1.121,0.957,0.783,0.602,0.414,0.223,0.029,-0.165,-0.357,-0.545,-0.727,-0.902,-1.068,-1.222,-1.363,-1.490,-1.602,-1.697,-1.774,-1.832,-1.871,-1.890,-1.888,-1.867,-1.825,-1.763,-1.682,-1.581,-1.463,-1.327,-1.175,-1.008,-0.827,-0.634,-0.430,-0.218,0.003,0.229,0.461,0.695,0.931,1.167,1.402,1.636,1.868,2.097,2.324,2.548,2.771,2.993,3.218,3.446,3.681,
3.776,3.609,3.439,3.264,3.081,2.890,2.690,2.481,2.261,2.034,1.798,1.555,1.307,1.055,0.801,0.547,0.294,0.045,-0.198,-0.435,-0.661,-0.876,-1.079,-1.266,-1.437,-1.590,-1.724,-1.838,-1.931,-2.002,-2.051,-2.077,-2.080,-2.061,-2.020,-1.957,-1.873,-1.769,-1.646,-1.506,-1.350,-1.179,-0.997,-0.803,-0.601,-0.393,-0.180,0.035,0.250,0.462,0.670,0.871,1.064,1.246,1.416,1.572,1.711,1.834,1.938,2.022,2.086,2.130,2.151,2.151,2.129,2.086,2.022,1.937,1.833,1.711,1.571,1.415,1.245,1.063,0.870,0.668,0.459,0.246,0.031,-0.184,-0.398,-0.607,-0.810,-1.004,-1.188,-1.360,-1.518,-1.660,-1.784,-1.890,-1.977,-2.042,-2.087,-2.109,-2.109,-2.087,-2.042,-1.975,-1.887,-1.778,-1.649,-1.501,-1.336,-1.154,-0.958,-0.748,-0.527,-0.297,-0.058,0.186,0.435,0.686,0.938,1.189,1.438,1.685,1.927,2.165,2.398,2.626,2.851,3.074,3.297,3.523,3.755,
3.808,3.650,3.488,3.318,3.140,2.950,2.748,2.534,2.309,2.072,1.825,1.570,1.307,1.040,0.769,0.497,0.226,-0.042,-0.304,-0.558,-0.803,-1.035,-1.253,-1.456,-1.641,-1.806,-1.951,-2.073,-2.173,-2.248,-2.299,-2.326,-2.327,-2.304,-2.256,-2.184,-2.089,-1.973,-1.835,-1.679,-1.505,-1.315,-1.111,-0.896,-0.671,-0.439,-0.202,0.036,0.275,0.511,0.743,0.966,1.180,1.383,1.571,1.744,1.899,2.035,2.151,2.245,2.316,2.364,2.388,2.388,2.364,2.316,2.244,2.150,2.035,1.899,1.743,1.570,1.382,1.179,0.965,0.741,0.509,0.273,0.034,-0.206,-0.443,-0.676,-0.901,-1.117,-1.322,-1.513,-1.689,-1.847,-1.986,-2.104,-2.201,-2.275,-2.325,-2.351,-2.352,-2.329,-2.281,-2.209,-2.113,-1.995,-1.854,-1.693,-1.513,-1.315,-1.102,-0.874,-0.634,-0.384,-0.126,0.138,0.406,0.676,0.946,1.213,1.478,1.737,1.990,2.237,2.476,2.708,2.934,3.155,3.374,3.594,3.819,
3.840,3.695,3.544,3.383,3.209,3.021,2.818,2.600,2.367,2.121,1.862,1.592,1.313,1.028,0.738,0.447,0.155,-0.133,-0.416,-0.691,-0.956,-1.207,-1.444,-1.663,-1.863,-2.042,-2.199,-2.331,-2.438,-2.519,-2.573,-2.600,-2.599,-2.571,-2.516,-2.435,-2.328,-2.198,-2.044,-1.869,-1.675,-1.464,-1.237,-0.997,-0.747,-0.490,-0.227,0.039,0.304,0.566,0.823,1.071,1.309,1.534,1.743,1.934,2.107,2.258,2.386,2.490,2.569,2.622,2.649,2.649,2.622,2.569,2.490,2.386,2.257,2.106,1.934,1.742,1.533,1.308,1.070,0.821,0.564,0.302,0.036,-0.230,-0.493,-0.751,-1.002,-1.242,-1.469,-1.682,-1.877,-2.053,-2.208,-2.340,-2.448,-2.531,-2.588,-2.618,-2.621,-2.596,-2.545,-2.467,-2.363,-2.234,-2.081,-1.905,-1.708,-1.493,-1.260,-1.012,-0.751,-0.479,-0.199,0.087,0.376,0.666,0.955,1.241,1.522,1.795,2.060,2.316,2.561,2.796,3.021,3.239,3.450,3.660,3.874,
3.872,3.745,3.609,3.460,3.294,3.109,2.904,2.681,2.440,2.182,1.909,1.623,1.327,1.021,0.710,0.396,0.082,-0.230,-0.536,-0.834,-1.121,-1.394,-1.651,-1.890,-2.107,-2.301,-2.471,-2.614,-2.730,-2.817,-2.874,-2.901,-2.898,-2.865,-2.803,-2.711,-2.591,-2.445,-2.274,-2.079,-1.863,-1.628,-1.376,-1.109,-0.832,-0.546,-0.254,0.041,0.335,0.626,0.911,1.187,1.451,1.700,1.932,2.145,2.336,2.503,2.645,2.761,2.849,2.908,2.937,2.937,2.908,2.849,2.761,2.645,2.503,2.335,2.144,1.931,1.699,1.450,1.186,0.910,0.625,0.334,0.039,-0.256,-0.548,-0.835,-1.113,-1.379,-1.632,-1.868,-2.085,-2.280,-2.453,-2.600,-2.721,-2.814,-2.878,-2.912,-2.917,-2.891,-2.836,-2.751,-2.638,-2.497,-2.330,-2.138,-1.923,-1.688,-1.433,-1.163,-0.878,-0.583,-0.279,0.031,0.344,0.657,0.968,1.274,1.573,1.862,2.140,2.405,2.657,2.894,3.117,3.327,3.528,3.723,3.919,
3.904,3.804,3.689,3.554,3.397,3.215,3.009,2.781,2.530,2.259,1.971,1.666,1.348,1.021,0.686,0.346,0.006,-0.332,-0.664,-0.988,-1.300,-1.598,-1.877,-2.137,-2.374,-2.585,-2.769,-2.925,-3.050,-3.144,-3.205,-3.233,-3.227,-3.189,-3.118,-3.015,-2.881,-2.718,-2.527,-2.310,-2.070,-1.808,-1.529,-1.233,-0.925,-0.607,-0.283,0.044,0.370,0.693,1.009,1.315,1.607,1.884,2.141,2.377,2.589,2.774,2.932,3.060,3.157,3.223,3.256,3.256,3.223,3.157,3.060,2.932,2.774,2.588,2.376,2.141,1.883,1.607,1.314,1.008,0.692,0.369,0.042,-0.285,-0.609,-0.927,-1.235,-1.531,-1.811,-2.073,-2.314,-2.531,-2.723,-2.887,-3.022,-3.125,-3.197,-3.237,-3.243,-3.216,-3.156,-3.064,-2.941,-2.787,-2.604,-2.394,-2.159,-1.901,-1.623,-1.328,-1.017,-0.695,-0.364,-0.027,0.312,0.651,0.986,1.314,1.633,1.940,2.233,2.509,2.767,3.006,3.225,3.426,3.610,3.784,3.955,
3.936,3.877,3.789,3.672,3.524,3.345,3.138,2.902,2.640,2.355,2.048,1.722,1.381,1.028,0.665,0.298,-0.071,-0.439,-0.801,-1.153,-1.494,-1.818,-2.123,-2.407,-2.665,-2.896,-3.097,-3.266,-3.402,-3.503,-3.568,-3.597,-3.590,-3.546,-3.465,-3.350,-3.201,-3.019,-2.806,-2.565,-2.298,-2.008,-1.697,-1.369,-1.027,-0.675,-0.316,0.047,0.409,0.767,1.117,1.456,1.780,2.086,2.372,2.633,2.868,3.074,3.248,3.390,3.498,3.571,3.607,3.607,3.571,3.498,3.390,3.248,3.073,2.868,2.633,2.371,2.086,1.780,1.455,1.116,0.766,0.408,0.046,-0.316,-0.676,-1.028,-1.370,-1.698,-2.009,-2.300,-2.567,-2.808,-3.021,-3.204,-3.353,-3.469,-3.550,-3.594,-3.603,-3.574,-3.509,-3.409,-3.274,-3.105,-2.905,-2.675,-2.418,-2.135,-1.831,-1.507,-1.168,-0.816,-0.455,-0.088,0.281,0.648,1.010,1.364,1.706,2.033,2.342,2.630,2.896,3.137,3.352,3.541,3.704,3.847,3.980,
3.968,3.980,3.919,3.819,3.681,3.505,3.294,3.050,2.775,2.471,2.143,1.794,1.426,1.043,0.651,0.251,-0.151,-0.551,-0.946,-1.331,-1.703,-2.058,-2.392,-2.701,-2.984,-3.236,-3.456,-3.640,-3.788,-3.898,-3.968,-3.999,-3.989,-3.938,-3.848,-3.719,-3.553,-3.350,-3.114,-2.846,-2.550,-2.228,-1.883,-1.519,-1.140,-0.750,-0.351,0.050,0.451,0.848,1.236,1.612,1.971,2.310,2.626,2.916,3.176,3.404,3.598,3.755,3.874,3.955,3.995,3.995,3.955,3.874,3.755,3.598,3.404,3.176,2.916,2.626,2.310,1.971,1.612,1.236,0.848,0.451,0.050,-0.351,-0.750,-1.140,-1.519,-1.883,-2.228,-2.550,-2.846,-3.114,-3.350,-3.553,-3.719,-3.848,-3.938,-3.989,-3.999,-3.968,-3.898,-3.788,-3.640,-3.456,-3.236,-2.984,-2.701,-2.392,-2.058,-1.703,-1.331,-0.946,-0.551,-0.151,0.251,0.651,1.043,1.426,1.794,2.143,2.471,2.775,3.050,3.294,3.505,3.681,3.819,3.919,3.995,

